{"stats":{"minecraft:crafted":{"apocalypsenow:canned_fish":1,"minecraft:wooden_sword":1,"immersiveengineering:hammer":2,"minecraft:rotten_flesh":1,"minecraft:furnace":4,"minecraft:blast_furnace":1,"create:iron_sheet":2,"minecraft:leather":38,"immersiveengineering:wirecutter":1,"immersiveengineering:ingot_lead":5,"minecraft:stone_pickaxe":2,"minecraft:chest":1,"immersiveengineering:ingot_steel":12,"immersiveengineering:ingot_aluminum":5,"create_sa:copper_pickaxe":1,"sophisticatedbackpacks:iron_backpack":1,"create:bar_of_chocolate":1,"farmersdelight:hamburger":1,"sophisticatedbackpacks:backpack":1,"minecraft:diamond_axe":1,"minecraft:crafting_table":10,"apocalypsenow:medicalkit":8,"minecraft:iron_sword":1,"apocalypsenow:machete":1,"minecraft:chainmail_chestplate":1,"apocalypsenow:u_sarmy_leggings":1,"minecraft:copper_ingot":21,"sophisticatedbackpacks:gold_backpack":1,"apocalypsenow:heavy_machete":1,"minecraft:bread":1,"minecraft:air":337,"minecraft:potion":18,"minecraft:string":4,"minecraft:white_wool":23,"minecraft:iron_chestplate":1,"minecraft:charcoal":12,"minecraft:shield":1,"minecraft:gold_nugget":18,"minecraft:stick":40,"minecraft:iron_ingot":40,"minecraft:iron_pickaxe":3,"minecraft:wooden_axe":4,"minecraft:iron_shovel":1,"minecraft:gold_ingot":22,"firstaid:bandage":1,"create_sa:copper_sword":1,"minecraft:white_bed":3,"create:zinc_ingot":7},"minecraft:custom":{"minecraft:mob_kills":131,"minecraft:interact_with_crafting_table":75,"minecraft:open_barrel":4,"minecraft:microwave_used":1,"minecraft:leave_game":6,"minecraft:time_since_death":9069,"minecraft:climb_one_cm":25321,"minecraft:damage_resisted":39,"minecraft:sprint_one_cm":253235,"minecraft:walk_one_cm":862804,"minecraft:damage_blocked_by_shield":170,"minecraft:fridge_opened":15,"minecraft:drop":22,"minecraft:talked_to_villager":4,"minecraft:damage_dealt_absorbed":161,"minecraft:play_time":272438,"minecraft:sneak_time":17332,"minecraft:deaths":7,"minecraft:walk_under_water_one_cm":11972,"minecraft:jump":1481,"minecraft:interact_with_brewingstand":2,"minecraft:interact_with_blast_furnace":2,"minecraft:walk_on_water_one_cm":14043,"minecraft:total_world_time":272438,"minecraft:interact_with_furnace":116,"minecraft:traded_with_villager":25,"minecraft:tune_noteblock":3,"minecraft:stove_opened":12,"minecraft:trashcan_opened":1,"minecraft:sleep_in_bed":7,"minecraft:time_since_rest":9098,"minecraft:cabinet_searched":3,"minecraft:damage_taken":2772,"minecraft:damage_dealt":22953,"minecraft:swim_one_cm":5478,"minecraft:freezer_opened":8,"minecraft:fly_one_cm":152121,"minecraft:open_chest":7,"minecraft:crouch_one_cm":38112,"minecraft:fall_one_cm":27540,"lootr:looted_stat":29},"minecraft:broken":{"create_sa:copper_sword":1,"minecraft:wooden_sword":1,"minecraft:iron_pickaxe":2,"apocalypsenow:u_sarmy_helmet":1,"minecraft:wooden_axe":2},"minecraft:mined":{"quark:smooth_quartz_vertical_slab":2,"create:deepslate_zinc_ore":26,"minecraft:tuff":1,"embellishcraft:sturdy_steel_door":1,"minecraft:deepslate_diamond_ore":3,"embellishcraft:light_gray_couch":1,"minecraft:cyan_stained_glass":2,"farmersdelight:tomato_crate":1,"create:horizontal_framed_glass":1,"minecraft:stone_button":1,"minecraft:grass_block":6,"minecraft:coal_block":4,"minecraft:birch_slab":1,"minecraft:moss_block":1,"minecraft:spawner":18,"minecraft:smooth_stone":8,"immersivepetroleum:asphalt":2,"minecraft:furnace":14,"cfm:stone_chair":2,"create:vertical_framed_glass":2,"minecraft:iron_ore":15,"minecraft:cobbled_deepslate":1,"minecraft:andesite":22,"immersiveengineering:deepslate_ore_silver":13,"minecraft:gold_block":3,"minecraft:anvil":1,"minecraft:deepslate_lapis_ore":3,"immersiveengineering:deepslate_ore_nickel":1,"minecraft:brown_bed":3,"minecraft:cobblestone_slab":3,"biomesoplenty:redwood_log":23,"minecraft:deepslate_iron_ore":25,"create:polished_cut_limestone":1,"minecraft:small_amethyst_bud":1,"minecraft:white_wool":2,"immersiveengineering:ore_lead":2,"minecraft:iron_block":5,"minecraft:stone":261,"create:limestone":20,"minecraft:deepslate_redstone_ore":17,"minecraft:birch_stairs":1,"biomesoplenty:redwood_planks":2,"quark:smooth_stone_vertical_slab":1,"embellishcraft:marble":2,"minecraft:cyan_terracotta":2,"cfm:oak_hedge":1,"minecraft:amethyst_cluster":7,"apocalypsenow:money_block":7,"minecraft:crafting_table":11,"minecraft:torch":11,"minecraft:calcite":11,"minecraft:gray_stained_glass":14,"embellishcraft:polished_marble":1,"minecraft:stone_slab":1,"minecraft:smooth_quartz_slab":1,"minecraft:copper_ore":9,"minecraft:cobblestone":19,"minecraft:deepslate_gold_ore":21,"minecraft:lapis_ore":6,"minecraft:sugar_cane":2,"minecraft:diorite":41,"minecraft:wall_torch":10,"minecraft:amethyst_block":10,"immersiveengineering:concrete":4,"minecraft:deepslate_copper_ore":3,"minecraft:birch_planks":1,"minecraft:light_gray_stained_glass":3,"create:polished_cut_limestone_slab":4,"immersiveengineering:deepslate_ore_lead":3,"minecraft:smooth_stone_slab":3,"embellishcraft:smooth_marble":17,"minecraft:coal_ore":28,"biomesoplenty:redwood_leaves":80,"minecraft:gravel":20,"minecraft:smooth_quartz":3,"minecraft:dirt":28,"minecraft:gray_carpet":3,"minecraft:cobweb":15,"simplylight:illuminant_block":1,"minecraft:smooth_basalt":4,"minecraft:stone_bricks":29,"minecraft:mossy_stone_bricks":1,"quark:oak_vertical_slab":3,"minecraft:oak_leaves":5,"minecraft:deepslate":48},"minecraft:dropped":{"sophisticatedbackpacks:iron_backpack":2,"minecraft:iron_ingot":8,"minecraft:diamond":4,"biomesoplenty:redwood_log":70,"minecraft:gold_ingot":8,"refinedstorage:controller":1,"biomesoplenty:redwood_planks":14,"firstaid:plaster":9,"minecraft:egg":3},"minecraft:picked_up":{"biomesoplenty:redwood_log":311,"minecraft:charcoal":12,"cfm:stone_chair":1,"minecraft:crafting_table":11,"minecraft:wheat":2,"apocalypsenow:fire_figther_boots":1,"minecraft:anvil":1,"minecraft:leather_leggings":1,"minecraft:stone_slab":1,"minecraft:brown_bed":3,"minecraft:gold_block":3,"apocalypsenow:u_sarmy_helmet":1,"minecraft:potion":5,"refinedstorage:controller":1,"minecraft:string":146,"minecraft:raw_copper":40,"create:limestone":20,"minecraft:smooth_stone_slab":1,"immersiveengineering:raw_lead":5,"minecraft:cobbled_deepslate":31,"minecraft:smooth_stone":5,"apocalypsenow:construction_boots":1,"minecraft:cobblestone_slab":2,"minecraft:calcite":5,"embellishcraft:sturdy_steel_door":1,"minecraft:coal_block":4,"minecraft:furnace":14,"minecraft:egg":3,"minecraft:stick":31,"minecraft:raw_iron":40,"embellishcraft:smooth_marble":11,"farmersdelight:rotten_tomato":2,"minecraft:torch":25,"minecraft:stone_button":2,"minecraft:diorite":40,"immersiveengineering:concrete":4,"minecraft:carrot":1,"minecraft:redstone":76,"create:zinc_ingot":7,"apocalypsenow:fire_figther_leggings":3,"biomesoplenty:redwood_planks":26,"minecraft:rotten_flesh":85,"farmersdelight:onion":6,"minecraft:iron_block":5,"minecraft:cyan_terracotta":2,"biomesoplenty:redwood_sapling":33,"apocalypsenow:money_block":7,"apocalypsenow:fire_figther_chestplate":2,"minecraft:cobblestone":243,"minecraft:white_wool":14,"apocalypsenow:u_sarmy_boots":2,"tac:round45":8,"minecraft:glow_ink_sac":2,"minecraft:birch_slab":1,"minecraft:andesite":12,"minecraft:potato":9,"minecraft:birch_planks":1,"minecraft:flint":4,"create:raw_zinc":26,"embellishcraft:polished_marble":1,"minecraft:lapis_lazuli":55,"farmersdelight:tomato":28,"minecraft:dirt":33,"apocalypsenow:u_sarmy_leggings":2,"minecraft:bone":138,"minecraft:gray_carpet":3,"apocalypsenow:construction_leggings":1,"minecraft:apple":3,"minecraft:stone_bricks":28,"apocalypsenow:human_flesh":3,"minecraft:wheat_seeds":3,"minecraft:raw_gold":21,"minecraft:iron_ingot":3,"embellishcraft:marble_cobblestone":2,"simplylight:illuminant_block":1,"minecraft:glass_bottle":3,"tac:9mm_round":12,"quark:light_gray_shard":7,"firstaid:plaster":4,"minecraft:smooth_basalt":4,"quark:smooth_stone_vertical_slab":1,"create_sa:copper_sword":1,"quark:oak_vertical_slab":4,"minecraft:gravel":19,"minecraft:birch_stairs":1,"minecraft:amethyst_shard":14,"cfm:oak_hedge":1,"quark:lavender_blossom_hedge":1,"sophisticatedbackpacks:iron_backpack":2,"create:polished_cut_limestone":1,"minecraft:diamond":7,"minecraft:iron_helmet":1,"minecraft:bread":6,"quark:gray_shard":36,"immersiveengineering:raw_nickel":1,"minecraft:coal":28,"immersiveengineering:raw_silver":13},"minecraft:killed_by":{"undead_revamp2:the_moonflower":4,"minecraft:zombie":1,"undead_revamp2:thesmoker":1},"minecraft:used":{"apocalypsenow:hand_axe":191,"minecraft:iron_shovel":30,"biomesoplenty:redwood_planks":25,"minecraft:chest":2,"minecraft:shield":8,"minecraft:iron_sword":139,"create_sa:copper_pickaxe":130,"minecraft:torch":115,"minecraft:dirt":17,"apocalypsenow:grape_juice":1,"biomesoplenty:redwood_log":2,"minecraft:wooden_axe":47,"farmersdelight:melon_popsicle":6,"apocalypsenow:heavy_machete":1,"minecraft:smooth_basalt":4,"minecraft:furnace":15,"minecraft:potato":3,"minecraft:enchanted_golden_apple":1,"minecraft:cobbled_deepslate":3,"minecraft:brown_bed":2,"farmersdelight:hamburger":2,"farmersdelight:beef_stew":1,"minecraft:wheat_seeds":1,"minecraft:glass_bottle":12,"minecraft:stone_pickaxe":68,"minecraft:wooden_pickaxe":31,"minecraft:diamond_axe":105,"minecraft:cobblestone_slab":1,"apocalypsenow:whisky":1,"minecraft:crafting_table":19,"minecraft:blast_furnace":1,"minecraft:white_bed":3,"create_sa:copper_sword":122,"minecraft:bread":1,"minecraft:iron_pickaxe":582,"minecraft:gravel":6,"minecraft:cobblestone":90,"minecraft:wooden_sword":59,"minecraft:potion":31,"farmersdelight:fruit_salad":2,"immersiveengineering:wirecutter":2},"minecraft:killed":{"undead_revamp2:thesmoker":1,"zombie_extreme:runner":2,"zombie_extreme:crawler":4,"minecraft:husk":17,"crittersandcompanions:ferret":1,"undead_revamp2:the_moonflower":3,"minecraft:bat":2,"hordes:drowned_player":1,"minecraft:zombie":96,"alexsmobs:cockroach":1,"zombie_extreme:infected_police":1,"zombiemobs:zombie_goat":1,"minecraft:glow_squid":1}},"DataVersion":2975}