{"stats":{"minecraft:crafted":{"minecraft:cooked_chicken":7,"firstaid:plaster":10,"minecraft:cooked_mutton":14,"minecraft:iron_axe":1,"minecraft:chest":1,"tac:round45":64,"minecraft:birch_button":2,"tac:58x42":48,"minecraft:diamond_axe":1,"minecraft:crafting_table":4,"biomesoplenty:redwood_planks":12,"minecraft:baked_potato":6,"apocalypsenow:medicalkit":8,"minecraft:air":288,"minecraft:white_wool":27,"minecraft:charcoal":25,"minecraft:gold_nugget":9,"minecraft:shield":1,"minecraft:stick":4,"apocalypsenow:cooked_human_flesh":1,"minecraft:gold_ingot":18},"minecraft:custom":{"lootr:looted_stat":80,"minecraft:mob_kills":178,"minecraft:interact_with_anvil":1,"minecraft:interact_with_crafting_table":23,"minecraft:open_barrel":4,"minecraft:damage_dealt_resisted":271,"minecraft:leave_game":2,"minecraft:time_since_death":26053,"minecraft:climb_one_cm":108689,"minecraft:sprint_one_cm":451992,"minecraft:walk_one_cm":1372288,"minecraft:fridge_opened":3,"minecraft:drop":3,"minecraft:chair_used":1,"minecraft:damage_dealt_absorbed":3,"minecraft:talked_to_villager":5,"minecraft:play_time":317520,"minecraft:deaths":26,"minecraft:sneak_time":5908,"minecraft:walk_under_water_one_cm":2107,"minecraft:jump":1798,"minecraft:drawer_searched":10,"minecraft:walk_on_water_one_cm":10232,"minecraft:total_world_time":317520,"minecraft:interact_with_furnace":30,"minecraft:traded_with_villager":20,"minecraft:toilet_used":1,"minecraft:stove_opened":12,"minecraft:sleep_in_bed":7,"minecraft:cabinet_searched":4,"minecraft:time_since_rest":280,"minecraft:damage_taken":8796,"minecraft:damage_dealt":30478,"minecraft:swim_one_cm":1809,"minecraft:fly_one_cm":281800,"minecraft:freezer_opened":3,"minecraft:player_kills":1,"minecraft:open_chest":9,"minecraft:crouch_one_cm":7654,"minecraft:fall_one_cm":90251},"minecraft:broken":{"apocalypsenow:police_helmet":1,"minecraft:wooden_pickaxe":1},"minecraft:dropped":{"apocalypsenow:police_leggings":1,"apocalypsenow:tatical_mace":1,"apocalypsenow:construction_chestplate":1},"minecraft:mined":{"farmersdelight:roast_chicken_block":1,"minecraft:jungle_leaves":1,"minecraft:gray_stained_glass_pane":12,"minecraft:grass_block":3,"minecraft:light_gray_bed":1,"minecraft:moss_block":4,"minecraft:sandstone":2,"minecraft:spawner":27,"minecraft:smooth_stone":3,"minecraft:black_stained_glass_pane":8,"create:framed_glass_pane":2,"minecraft:gold_block":2,"biomesoplenty:redwood_log":4,"minecraft:potted_spruce_sapling":1,"minecraft:stone":30,"minecraft:iron_block":10,"minecraft:spruce_slab":1,"minecraft:white_wool":2,"create:dark_oak_window_pane":6,"apocalypsenow:planksc":2,"create:andesite_bars":1,"biomesoplenty:smooth_white_sandstone_stairs":1,"minecraft:gray_terracotta":6,"biomesoplenty:redwood_planks":7,"minecraft:quartz_block":3,"minecraft:cyan_terracotta":8,"embellishcraft:oak_terrace_table":2,"minecraft:torch":4,"minecraft:gray_stained_glass":20,"another_furniture:spruce_table":1,"embellishcraft:polished_marble":4,"minecraft:stone_slab":4,"quark:gray_framed_glass":5,"minecraft:oak_planks":1,"minecraft:iron_door":5,"minecraft:wall_torch":2,"minecraft:spruce_stairs":1,"minecraft:birch_planks":7,"farmersdelight:shepherds_pie_block":1,"embellishcraft:oak_table":1,"minecraft:lilac":1,"quark:gunpowder_sack":6,"minecraft:smooth_stone_slab":1,"minecraft:grass":3,"embellishcraft:smooth_marble":7,"create:vertical_framed_glass_pane":3,"quark:oak_hedge":1,"biomesoplenty:redwood_leaves":5,"another_furniture:light_gray_curtain":1,"quark:stone_vertical_slab":5,"minecraft:dirt":7,"minecraft:cobweb":47,"minecraft:stone_bricks":2,"minecraft:oak_leaves":5,"minecraft:emerald_block":4},"minecraft:picked_up":{"biomesoplenty:redwood_log":167,"tac:mk23":2,"quark:stone_vertical_slab":6,"apocalypsenow:fire_figther_boots":3,"minecraft:stone_slab":8,"minecraft:gold_block":2,"minecraft:potion":23,"quark:gunpowder_sack":8,"refinedstorage:controller":1,"minecraft:string":160,"minecraft:flint_and_steel":2,"create:andesite_bars":1,"farmersdelight:fried_rice":1,"minecraft:smooth_stone":2,"farmersdelight:cabbage":5,"apocalypsenow:construction_boots":3,"minecraft:spruce_slab":1,"minecraft:smooth_quartz":1,"minecraft:iron_pickaxe":2,"embellishcraft:oak_table":1,"minecraft:stick":14,"minecraft:sandstone":2,"embellishcraft:smooth_marble":15,"tac:m4":2,"minecraft:torch":9,"apocalypsenow:plank":6,"minecraft:spruce_stairs":1,"sophisticatedbackpacks:backpack":1,"minecraft:carrot":1,"biomesoplenty:redwood_planks":7,"minecraft:light_gray_bed":1,"minecraft:rotten_flesh":147,"embellishcraft:oak_terrace_chair":1,"farmersdelight:onion":11,"minecraft:iron_block":13,"minecraft:cyan_terracotta":6,"apocalypsenow:police_chestplate":2,"farmersdelight:beef_stew":2,"minecraft:gold_ingot":18,"apocalypsenow:police_boots":2,"firstaid:bandage":3,"farmersdelight:melon_juice":5,"apocalypsenow:fire_figther_chestplate":5,"minecraft:white_wool":2,"minecraft:cobblestone":30,"tac:round45":11,"minecraft:leather_chestplate":1,"minecraft:lilac":1,"apocalypsenow:peach_juice":4,"minecraft:iron_door":5,"minecraft:potato":2,"minecraft:birch_planks":4,"embellishcraft:polished_marble":4,"farmersdelight:roast_chicken_block":1,"minecraft:gunpowder":1,"artifacts:cloud_in_a_bottle":2,"apocalypsenow:construction_chestplate":5,"minecraft:dirt":10,"another_furniture:light_gray_curtain":1,"farmersdelight:shepherds_pie_block":1,"cgm:grenade":2,"embellishcraft:gneiss_large_bricks_wall":2,"minecraft:cooked_mutton":2,"minecraft:bone":120,"apocalypsenow:construction_leggings":4,"minecraft:stone_bricks":2,"minecraft:gray_terracotta":6,"apocalypsenow:human_flesh":15,"apocalypsenow:money":93,"minecraft:iron_ingot":28,"apocalypsenow:fire_figther_helmet":1,"minecraft:glass_bottle":4,"tac:9mm_round":83,"minecraft:moss_block":4,"apocalypsenow:police_helmet":2,"minecraft:oak_planks":1,"tac:ae50":5,"another_furniture:spruce_table":1,"firstaid:plaster":12,"minecraft:emerald_block":4,"patchouli:guide_book":1,"apocalypsenow:tatical_mace":3,"apocalypsenow:police_leggings":1,"apocalypsenow:coke":16,"embellishcraft:oak_terrace_table":2,"minecraft:diamond":4,"xpbook:xp_tome":4,"quark:oak_hedge":1,"minecraft:bread":2,"minecraft:emerald":19,"create:framed_glass_door":2,"minecraft:baked_potato":6,"quark:gray_shard":71,"minecraft:oak_sapling":1,"quark:gray_framed_glass":5},"minecraft:killed_by":{"minecraft:husk":2,"undead_revamp2:the_moonflower":6,"zombie_extreme:runner":1,"minecraft:zombie":11},"minecraft:used":{"minecraft:moss_block":1,"minecraft:spruce_slab":1,"biomesoplenty:redwood_planks":99,"minecraft:chest":1,"farmersdelight:cabbage":5,"minecraft:cooked_chicken":6,"farmersdelight:melon_juice":7,"minecraft:torch":30,"minecraft:dirt":9,"apocalypsenow:apple_juice":5,"apocalypsenow:grape_juice":6,"embellishcraft:smooth_marble":6,"farmersdelight:fried_rice":1,"minecraft:iron_block":1,"minecraft:iron_axe":10,"farmersdelight:melon_popsicle":1,"apocalypsenow:porpsi":2,"apocalypsenow:bayonet":6,"farmersdelight:shepherds_pie_block":1,"minecraft:light_gray_bed":1,"farmersdelight:beef_stew":3,"farmersdelight:roast_chicken_block":2,"minecraft:cooked_mutton":2,"minecraft:baked_potato":6,"minecraft:wooden_pickaxe":46,"minecraft:diamond_axe":52,"minecraft:white_wool":1,"farmersdelight:onion":26,"minecraft:crafting_table":4,"apocalypsenow:coke":7,"minecraft:gray_terracotta":2,"apocalypsenow:tatical_mace":594,"farmersdelight:apple_cider":1,"minecraft:bread":8,"minecraft:iron_pickaxe":154,"cgm:grenade":2,"minecraft:stone_slab":1,"minecraft:iron_door":1,"minecraft:cobblestone":17,"minecraft:potion":48,"apocalypsenow:peach_juice":4,"embellishcraft:polished_marble":2},"minecraft:killed":{"hordes:zombie_player":1,"undead_revamp2:thesmoker":2,"zombie_extreme:runner":4,"zombie_extreme:crawler":3,"minecraft:husk":6,"undead_revamp2:the_moonflower":8,"minecraft:zombie":139,"zombie_extreme:infected_police":6}},"DataVersion":2975}