{"stats":{"minecraft:crafted":{"minecraft:chest":3,"tac:b_magnum":64,"tac:58x42":48,"minecraft:diamond_axe":2,"minecraft:crafting_table":4,"minecraft:air":131,"minecraft:diamond_pickaxe":1,"sophisticatedbackpacks:diamond_backpack":1,"minecraft:stick":8},"minecraft:custom":{"lootr:looted_stat":38,"minecraft:mob_kills":417,"minecraft:interact_with_crafting_table":32,"minecraft:open_barrel":4,"minecraft:microwave_used":1,"minecraft:open_shulker_box":5,"minecraft:leave_game":2,"minecraft:time_since_death":30158,"minecraft:climb_one_cm":8558,"minecraft:sprint_one_cm":76673,"minecraft:walk_one_cm":1258336,"minecraft:fridge_opened":9,"minecraft:drop":186,"minecraft:talked_to_villager":6,"minecraft:damage_dealt_absorbed":201,"minecraft:play_time":271415,"minecraft:sneak_time":8591,"minecraft:deaths":18,"minecraft:walk_under_water_one_cm":126,"minecraft:jump":1825,"minecraft:walk_on_water_one_cm":1315,"minecraft:total_world_time":271415,"minecraft:interact_with_furnace":7,"minecraft:traded_with_villager":12,"minecraft:stove_opened":1,"minecraft:trashcan_opened":2,"minecraft:sleep_in_bed":5,"minecraft:time_since_rest":30183,"minecraft:damage_taken":6292,"minecraft:damage_dealt":78497,"minecraft:freezer_opened":2,"minecraft:fly_one_cm":47439,"minecraft:open_chest":72,"minecraft:crouch_one_cm":35128,"minecraft:interact_with_smoker":2,"minecraft:fall_one_cm":15872},"minecraft:broken":{"apocalypsenow:police_helmet":1,"apocalypsenow:baseball_bat":1,"apocalypsenow:night_stick":1},"minecraft:dropped":{"quark:spruce_vertical_slab":2,"minecraft:birch_planks":2,"minecraft:diamond_axe":1,"minecraft:glass_bottle":6,"minecraft:apple":3,"minecraft:iron_horse_armor":1,"immersiveengineering:nugget_steel":2,"apocalypsenow:forestguard_boots":1,"minecraft:stick":2,"sophisticatedbackpacks:gold_backpack":105,"immersiveengineering:plate_duroplast":3,"minecraft:torch":2,"minecraft:wooden_axe":1,"create:framed_glass_door":1,"apocalypsenow:porpsi":19,"minecraft:string":6,"minecraft:white_wool":1,"minecraft:gold_ingot":2,"minecraft:bone":74,"apocalypsenow:small_can":12,"minecraft:wheat":2,"minecraft:rotten_flesh":10,"biomesoplenty:redwood_planks":14,"minecraft:oak_planks":6,"minecraft:stripped_oak_log":1,"apocalypsenow:money":192,"sophisticatedbackpacks:backpack":29,"minecraft:stone_slab":6,"apocalypsenow:cloth":3,"farmersdelight:chicken_sandwich":2,"apocalypsenow:construction_chestplate":1,"minecraft:gunpowder":6,"apocalypsenow:fire_figther_leggings":1,"minecraft:beetroot_seeds":4,"apocalypsenow:dagger":1,"apocalypsenow:coke":28,"firstaid:plaster":4},"minecraft:mined":{"immersiveengineering:capacitor_hv":1,"apocalypsenow:beartrapactivated":1,"minecraft:gray_stained_glass_pane":2,"minecraft:stone_button":1,"rocks:rock":1,"minecraft:spawner":11,"minecraft:smooth_stone":4,"quark:calcite_bricks":2,"minecraft:fire":3,"biomesoplenty:redwood_log":6,"minecraft:stripped_oak_log":22,"minecraft:white_wool":7,"minecraft:tripwire":2,"minecraft:brown_shulker_box":2,"embellishcraft:steel_door":3,"minecraft:quartz_block":1,"apocalypsenow:money_block":9,"minecraft:torch":11,"minecraft:gray_stained_glass":2,"create:framed_glass_door":1,"create:framed_glass":1,"minecraft:stone_slab":44,"quark:gray_framed_glass":1,"minecraft:oak_planks":1,"minecraft:bricks":2,"createaddition:barbed_wire":3,"minecraft:wall_torch":11,"minecraft:black_stained_glass":2,"minecraft:birch_planks":26,"minecraft:tinted_glass":1,"quark:spruce_vertical_slab":7,"embellishcraft:white_spruce_fancy_bed":1,"embellishcraft:smooth_marble":4,"create:vertical_framed_glass_pane":2,"biomesoplenty:redwood_leaves":6,"quark:stone_vertical_slab":17,"quark:calcite_bricks_vertical_slab":1,"minecraft:stone_bricks":6,"quark:polished_calcite_vertical_slab":5,"minecraft:fern":1},"minecraft:picked_up":{"biomesoplenty:redwood_log":6,"sophisticatedbackpacks:gold_backpack":109,"quark:stone_vertical_slab":20,"minecraft:wheat":2,"tac:glock_17":4,"apocalypsenow:fire_figther_boots":2,"minecraft:chicken":2,"immersiveengineering:plate_duroplast":15,"artifacts:bunny_hoppers":1,"minecraft:stone_slab":71,"minecraft:wooden_pickaxe":2,"minecraft:potion":25,"create:bar_of_chocolate":4,"farmersdelight:cutting_board":1,"immersiveengineering:nugget_steel":2,"minecraft:string":761,"artifacts:power_glove":1,"minecraft:flint_and_steel":1,"artifacts:feral_claws":1,"quark:polished_calcite_vertical_slab":3,"minecraft:smooth_stone":4,"apocalypsenow:construction_boots":2,"apocalypsenow:forestguard_chestplate":5,"quark:black_shard":6,"minecraft:iron_pickaxe":1,"minecraft:tinted_glass":1,"embellishcraft:smooth_marble":4,"tac:m4":3,"minecraft:torch":227,"sophisticatedbackpacks:backpack":29,"artifacts:vampiric_glove":5,"minecraft:stone_button":1,"minecraft:carrot":7,"tac:b_magnum":3,"quark:spruce_vertical_slab":6,"minecraft:iron_horse_armor":1,"apocalypsenow:fire_figther_leggings":7,"farmersdelight:melon_popsicle":12,"biomesoplenty:redwood_planks":14,"apocalypsenow:porpsi":51,"artifacts:lucky_scarf":4,"embellishcraft:steel_door":2,"minecraft:rotten_flesh":624,"minecraft:beetroot_seeds":4,"quark:calcite_bricks":2,"farmersdelight:hamburger":25,"minecraft:brown_shulker_box":3,"artifacts:running_shoes":6,"apocalypsenow:police_chestplate":1,"minecraft:gold_ingot":110,"artifacts:pocket_piston":5,"apocalypsenow:police_boots":6,"artifacts:panic_necklace":4,"refinedstorage:1k_storage_part":1,"apocalypsenow:money_block":9,"apocalypsenow:fire_figther_chestplate":1,"minecraft:white_wool":23,"minecraft:stripped_oak_log":22,"apocalypsenow:u_sarmy_boots":2,"tac:round45":34,"minecraft:feather":1,"artifacts:digging_claws":2,"quark:calcite_bricks_vertical_slab":1,"apocalypsenow:peach_juice":2,"artifacts:thorn_pendant":1,"minecraft:potato":1,"minecraft:birch_planks":27,"contenttweaker:rubber":37,"artifacts:superstitious_hat":8,"minecraft:gunpowder":31,"artifacts:cloud_in_a_bottle":5,"refinedstorage:improved_processor":1,"apocalypsenow:construction_chestplate":4,"farmersdelight:chicken_sandwich":4,"apocalypsenow:u_sarmy_leggings":1,"minecraft:bone":636,"apocalypsenow:construction_leggings":3,"minecraft:apple":15,"apocalypsenow:human_flesh":7,"apocalypsenow:money":639,"minecraft:iron_ingot":43,"biomesoplenty:smooth_white_sandstone_stairs":1,"farmersdelight:egg_sandwich":18,"artifacts:steadfast_spikes":6,"apocalypsenow:cloth":3,"minecraft:glass_bottle":13,"tac:9mm_round":57,"apocalypsenow:electric_baton":1,"apocalypsenow:police_helmet":5,"minecraft:oak_planks":9,"embellishcraft:white_spruce_fancy_bed":1,"tac:ae50":33,"apocalypsenow:grape_juice":2,"firstaid:plaster":143,"artifacts:obsidian_skull":3,"apocalypsenow:small_can":14,"apocalypsenow:police_leggings":5,"apocalypsenow:forestguard_boots":1,"apocalypsenow:dagger":1,"apocalypsenow:coke":39,"tac:mp7":5,"minecraft:diamond":26,"apocalypsenow:bear_trap":1,"minecraft:diamond_axe":3,"minecraft:golden_apple":2,"minecraft:emerald":9,"minecraft:bread":5,"create:framed_glass_door":2,"quark:gray_shard":14,"apocalypsenow:construction_helmet":2,"apocalypsenow:scissorst":1,"immersiveengineering:capacitor_hv":1,"minecraft:bricks":2,"rocks:cobblestone_splitter":1,"quark:gray_framed_glass":1,"minecraft:diamond_pickaxe":1},"minecraft:killed_by":{"minecraft:husk":1,"hordes:zombie_player":4,"minecraft:zombie":7},"minecraft:used":{"biomesoplenty:redwood_planks":10,"minecraft:chest":3,"minecraft:brown_shulker_box":1,"farmersdelight:melon_juice":5,"quark:stone_vertical_slab":11,"biomesoplenty:smooth_white_sandstone_stairs":1,"minecraft:torch":180,"apocalypsenow:grape_juice":5,"apocalypsenow:coffee":2,"minecraft:wooden_axe":22,"minecraft:iron_axe":5,"apocalypsenow:baseball_bat":33,"farmersdelight:melon_popsicle":5,"farmersdelight:glow_berry_custard":21,"embellishcraft:white_spruce_fancy_bed":1,"apocalypsenow:porpsi":10,"apocalypsenow:night_stick":853,"farmersdelight:hamburger":1,"minecraft:oak_planks":2,"minecraft:wooden_pickaxe":44,"minecraft:diamond_axe":636,"minecraft:white_wool":12,"farmersdelight:chicken_sandwich":5,"minecraft:crafting_table":7,"minecraft:white_bed":2,"apocalypsenow:coke":12,"minecraft:diamond_pickaxe":84,"farmersdelight:apple_cider":7,"minecraft:string":4,"minecraft:iron_pickaxe":1,"cgm:grenade":1,"minecraft:stone_slab":53,"minecraft:potion":4,"farmersdelight:egg_sandwich":1,"apocalypsenow:peach_juice":3,"minecraft:smooth_stone":1},"minecraft:killed":{"hordes:zombie_player":5,"undead_revamp2:thesmoker":2,"minecraft:chicken":1,"zombie_extreme:runner":2,"zombie_extreme:crawler":4,"minecraft:husk":12,"undead_revamp2:the_moonflower":5,"undead_revamp2:theordure":2,"minecraft:zombie":363,"zombie_extreme:infected_police":3}},"DataVersion":2975}