{"stats":{"minecraft:crafted":{"firstaid:plaster":1,"minecraft:stone_pickaxe":1,"minecraft:diamond_axe":1,"minecraft:crafting_table":5,"biomesoplenty:redwood_planks":12,"minecraft:wooden_pickaxe":2,"minecraft:golden_pickaxe":1,"minecraft:air":195,"minecraft:white_wool":7,"minecraft:stick":4,"minecraft:iron_pickaxe":1,"minecraft:wooden_axe":1,"firstaid:bandage":3},"minecraft:mined":{"embellishcraft:sturdy_steel_door":1,"minecraft:gray_stained_glass_pane":1,"minecraft:light_gray_bed":3,"cfm:gray_picket_fence":1,"minecraft:spawner":4,"minecraft:smooth_stone":3,"minecraft:fire":2,"minecraft:brown_bed":1,"minecraft:gold_block":2,"biomesoplenty:redwood_log":7,"minecraft:iron_bars":6,"minecraft:iron_block":4,"minecraft:stone":7,"biomesoplenty:redwood_planks":3,"minecraft:quartz_block":1,"minecraft:cyan_terracotta":4,"minecraft:crafting_table":4,"minecraft:torch":5,"embellishcraft:polished_marble":16,"quark:gray_framed_glass":1,"minecraft:cobblestone":9,"minecraft:iron_door":3,"minecraft:wall_torch":3,"embellishcraft:white_spruce_fancy_bed":2,"embellishcraft:smooth_marble":1,"biomesoplenty:redwood_leaves":36,"minecraft:dirt":2,"pfm:oak_gray_simple_bed":5,"minecraft:oak_leaves":3,"minecraft:deepslate":3,"minecraft:emerald_block":1},"minecraft:broken":{"minecraft:stone_axe":1,"minecraft:wooden_axe":1,"apocalypsenow:combat_knife":1},"minecraft:picked_up":{"biomesoplenty:redwood_log":239,"sophisticatedbackpacks:gold_backpack":1,"minecraft:crafting_table":3,"tac:glock_17":2,"tac:sti2011":2,"minecraft:brown_bed":1,"minecraft:gold_block":2,"minecraft:potion":6,"create:bar_of_chocolate":8,"minecraft:string":174,"minecraft:flint_and_steel":2,"pfm:oak_gray_simple_bed":5,"quark:polished_calcite_vertical_slab":2,"minecraft:smooth_stone":3,"apocalypsenow:construction_boots":1,"embellishcraft:sturdy_steel_door":1,"minecraft:iron_pickaxe":2,"minecraft:stick":23,"minecraft:torch":55,"chalk:blue_chalk":2,"minecraft:carrot":2,"tac:b_magnum":6,"apocalypsenow:fire_figther_leggings":1,"biomesoplenty:redwood_planks":6,"minecraft:light_gray_bed":1,"minecraft:rotten_flesh":138,"minecraft:iron_block":4,"minecraft:cyan_terracotta":2,"biomesoplenty:redwood_sapling":13,"apocalypsenow:police_chestplate":2,"minecraft:gold_ingot":18,"apocalypsenow:police_boots":2,"firstaid:bandage":4,"refinedstorage:1k_storage_part":2,"minecraft:cobblestone":17,"apocalypsenow:u_sarmy_boots":4,"tac:round45":11,"minecraft:iron_door":3,"embellishcraft:polished_marble":22,"contenttweaker:rubber":6,"minecraft:gunpowder":51,"refinedstorage:improved_processor":2,"minecraft:dirt":2,"minecraft:bone":246,"apocalypsenow:human_flesh":19,"apocalypsenow:money":27,"minecraft:iron_ingot":69,"minecraft:glass_bottle":1,"tac:9mm_round":32,"apocalypsenow:electric_baton":4,"apocalypsenow:police_helmet":2,"embellishcraft:white_spruce_fancy_bed":2,"tac:ae50":10,"minecraft:emerald_block":1,"apocalypsenow:small_can":3,"chalk:red_chalk":2,"tac:mp7":2,"minecraft:diamond":2,"minecraft:stone_axe":1,"minecraft:emerald":18,"minecraft:bread":16,"apocalypsenow:construction_helmet":2,"apocalypsenow:scissorst":1,"quark:gray_framed_glass":1},"minecraft:custom":{"lootr:looted_stat":42,"minecraft:mob_kills":204,"minecraft:interact_with_crafting_table":15,"minecraft:open_barrel":3,"minecraft:open_shulker_box":1,"minecraft:leave_game":1,"minecraft:time_since_death":2739,"minecraft:climb_one_cm":52777,"minecraft:sprint_one_cm":191900,"minecraft:walk_one_cm":937344,"minecraft:drop":16,"minecraft:talked_to_villager":3,"minecraft:play_time":193054,"minecraft:deaths":15,"minecraft:sneak_time":9235,"minecraft:walk_under_water_one_cm":3965,"minecraft:jump":1321,"minecraft:walk_on_water_one_cm":3666,"minecraft:total_world_time":193054,"minecraft:interact_with_furnace":7,"minecraft:toilet_used":3,"minecraft:trashcan_opened":2,"minecraft:sleep_in_bed":6,"minecraft:cabinet_searched":3,"minecraft:time_since_rest":2787,"minecraft:damage_taken":5466,"minecraft:damage_dealt":33452,"minecraft:freezer_opened":3,"minecraft:fly_one_cm":78731,"minecraft:open_chest":3,"minecraft:crouch_one_cm":20374,"minecraft:fall_one_cm":29665},"minecraft:killed":{"hordes:zombie_player":9,"undead_revamp2:thesmoker":5,"zombie_extreme:runner":3,"minecraft:husk":6,"undead_revamp2:the_moonflower":6,"minecraft:bat":2,"undead_revamp2:theordure":1,"minecraft:zombie":136,"zombie_extreme:infected_police":1},"minecraft:used":{"pfm:oak_gray_simple_bed":5,"minecraft:flint_and_steel":20,"biomesoplenty:redwood_planks":89,"farmersdelight:melon_juice":2,"minecraft:torch":78,"minecraft:dirt":2,"apocalypsenow:grape_juice":3,"minecraft:carrot":5,"apocalypsenow:orange_juice":3,"biomesoplenty:redwood_log":47,"minecraft:wooden_axe":1,"minecraft:cyan_terracotta":1,"apocalypsenow:baseball_bat":17,"apocalypsenow:scissorst":1,"farmersdelight:melon_popsicle":6,"apocalypsenow:porpsi":7,"apocalypsenow:combat_knife":603,"minecraft:light_gray_bed":1,"minecraft:brown_bed":1,"farmersdelight:hamburger":2,"apocalypsenow:vodka":1,"apocalypsenow:electric_baton":8,"minecraft:stone_pickaxe":4,"biomesoplenty:redwood_sapling":2,"minecraft:wooden_pickaxe":9,"minecraft:diamond_axe":11,"quark:gray_framed_glass":1,"minecraft:crafting_table":8,"minecraft:bread":3,"minecraft:iron_pickaxe":55,"cgm:grenade":1,"minecraft:stone_axe":19,"minecraft:potion":7,"minecraft:cobblestone":6,"embellishcraft:polished_marble":8,"minecraft:golden_pickaxe":20,"minecraft:smooth_stone":3},"minecraft:dropped":{"apocalypsenow:human_flesh":3,"minecraft:glass_bottle":1,"minecraft:potion":5,"minecraft:bone":2,"farmersdelight:melon_juice":3,"apocalypsenow:small_can":4},"minecraft:killed_by":{"hordes:zombie_player":1,"zombie_extreme:infected_police":1,"minecraft:zombie":9}},"DataVersion":2975}