{"stats":{"minecraft:crafted":{"minecraft:leather_leggings":1,"firstaid:plaster":2,"minecraft:leather":31,"minecraft:stone_pickaxe":1,"minecraft:chest":1,"sophisticatedbackpacks:backpack":1,"minecraft:crafting_table":3,"biomesoplenty:redwood_planks":32,"minecraft:iron_sword":1,"minecraft:stone_axe":1,"minecraft:air":232,"minecraft:white_wool":3,"minecraft:charcoal":1,"minecraft:stick":16,"minecraft:iron_pickaxe":2},"minecraft:mined":{"minecraft:spruce_planks":1,"embellishcraft:air_duct":3,"minecraft:mossy_cobblestone":2,"minecraft:grass_block":1,"minecraft:moss_block":1,"minecraft:spawner":4,"embellishcraft:smooth_basalt":4,"minecraft:furnace":2,"create:framed_glass_pane":2,"minecraft:fire":7,"quark:polished_calcite":1,"minecraft:anvil":1,"minecraft:gold_block":7,"biomesoplenty:redwood_log":19,"minecraft:quartz_slab":1,"minecraft:iron_bars":3,"minecraft:smooth_quartz_stairs":1,"minecraft:iron_block":13,"minecraft:stone":22,"minecraft:white_wool":1,"minecraft:brown_shulker_box":1,"minecraft:birch_stairs":1,"minecraft:cyan_terracotta":6,"minecraft:crafting_table":2,"minecraft:torch":3,"minecraft:gray_stained_glass":6,"embellishcraft:polished_marble":3,"quark:gray_framed_glass":2,"minecraft:cobblestone":2,"minecraft:iron_door":1,"minecraft:wall_torch":3,"immersiveengineering:storage_steel":3,"minecraft:birch_planks":9,"quark:gunpowder_sack":2,"embellishcraft:white_spruce_fancy_bed":1,"minecraft:grass":1,"create:vertical_framed_glass_pane":3,"minecraft:oak_log":2,"biomesoplenty:redwood_leaves":54,"minecraft:dirt":16,"minecraft:sand":3,"minecraft:smooth_quartz":1,"pfm:oak_gray_simple_bed":2,"minecraft:cobweb":1,"create:brass_block":8,"quark:polished_calcite_vertical_slab":2,"cfm:cyan_kitchen_counter":1,"quark:oak_vertical_slab":1,"minecraft:oak_leaves":8,"minecraft:emerald_block":3},"minecraft:broken":{"apocalypsenow:u_sarmy_chestplate":1},"minecraft:picked_up":{"biomesoplenty:redwood_log":42,"sophisticatedbackpacks:gold_backpack":1,"apocalypsenow:bread_knife":1,"minecraft:crafting_table":2,"minecraft:anvil":1,"minecraft:leather_leggings":1,"minecraft:gold_block":7,"minecraft:potion":3,"quark:gunpowder_sack":2,"minecraft:string":84,"minecraft:flint_and_steel":1,"pfm:oak_gray_simple_bed":3,"minecraft:quartz_slab":1,"embellishcraft:smooth_basalt":3,"minecraft:spruce_planks":1,"apocalypsenow:forestguard_chestplate":1,"another_furniture:light_gray_sofa":2,"minecraft:smooth_quartz":1,"minecraft:iron_pickaxe":1,"minecraft:smooth_quartz_stairs":1,"minecraft:furnace":3,"cfm:cyan_kitchen_counter":1,"minecraft:stick":11,"minecraft:torch":57,"sophisticatedbackpacks:backpack":1,"minecraft:carrot":3,"apocalypsenow:porpsi":19,"minecraft:rotten_flesh":106,"minecraft:brown_shulker_box":1,"minecraft:iron_block":10,"minecraft:cyan_terracotta":3,"apocalypsenow:police_boots":1,"firstaid:bandage":4,"minecraft:iron_bars":9,"minecraft:white_wool":2,"minecraft:cobblestone":25,"cfm:gray_picket_fence":1,"tac:round45":16,"minecraft:iron_door":1,"minecraft:birch_planks":9,"create:brass_block":8,"embellishcraft:polished_marble":3,"minecraft:oak_log":2,"minecraft:dirt":17,"minecraft:bone":142,"apocalypsenow:construction_leggings":1,"minecraft:apple":3,"apocalypsenow:human_flesh":12,"minecraft:wheat_seeds":1,"farmersdelight:apple_cider":1,"apocalypsenow:money":2,"minecraft:iron_ingot":1,"tac:deagle_357":1,"refinedstorage:cable":7,"immersiveengineering:storage_steel":3,"apocalypsenow:fire_figther_helmet":1,"minecraft:glass_bottle":3,"tac:9mm_round":29,"embellishcraft:white_spruce_fancy_bed":1,"minecraft:iron_sword":1,"tac:ae50":13,"apocalypsenow:u_sarmy_chestplate":1,"minecraft:emerald_block":3,"apocalypsenow:royal_canada_police_officer_leggings":1,"quark:oak_vertical_slab":2,"minecraft:sand":3,"apocalypsenow:police_leggings":1,"minecraft:birch_stairs":1,"apocalypsenow:dagger":1,"apocalypsenow:royal_canada_police_officer_helmet":1,"minecraft:mossy_cobblestone":1,"minecraft:stone_axe":1,"xpbook:xp_tome":1,"minecraft:diamond_axe":1,"minecraft:emerald":5,"minecraft:bread":8,"embellishcraft:air_duct":3,"quark:gray_shard":23,"quark:gray_framed_glass":2,"farmersdelight:honey_cookie":1,"minecraft:wooden_axe":1},"minecraft:custom":{"lootr:looted_stat":47,"minecraft:mob_kills":66,"minecraft:interact_with_crafting_table":23,"minecraft:open_barrel":3,"minecraft:open_shulker_box":1,"minecraft:leave_game":1,"minecraft:time_since_death":9677,"minecraft:climb_one_cm":40614,"minecraft:sprint_one_cm":165465,"minecraft:walk_one_cm":803327,"minecraft:fridge_opened":11,"minecraft:drop":22,"minecraft:chair_used":1,"minecraft:talked_to_villager":2,"minecraft:play_time":195572,"minecraft:deaths":24,"minecraft:sneak_time":11302,"minecraft:walk_under_water_one_cm":3003,"minecraft:jump":1085,"minecraft:walk_on_water_one_cm":6160,"minecraft:total_world_time":195572,"minecraft:interact_with_furnace":21,"minecraft:stove_opened":1,"minecraft:sleep_in_bed":2,"minecraft:cabinet_searched":3,"minecraft:time_since_rest":9750,"minecraft:damage_taken":7790,"minecraft:damage_dealt":14311,"minecraft:swim_one_cm":722,"minecraft:fly_one_cm":97136,"minecraft:freezer_opened":3,"minecraft:open_chest":7,"minecraft:crouch_one_cm":25178,"minecraft:fall_one_cm":44813},"minecraft:killed":{"zombie_extreme:crawler":1,"minecraft:husk":7,"undead_revamp2:the_moonflower":1,"minecraft:bat":1,"minecraft:zombie":55,"zombie_extreme:infected_police":3},"minecraft:used":{"pfm:oak_gray_simple_bed":2,"minecraft:iron_bars":5,"minecraft:stone_sword":31,"minecraft:flint_and_steel":16,"minecraft:iron_sword":145,"farmersdelight:melon_juice":6,"minecraft:torch":36,"minecraft:dirt":13,"apocalypsenow:apple_juice":4,"apocalypsenow:fire_figther_helmet":1,"apocalypsenow:coffee":2,"minecraft:quartz_slab":1,"minecraft:furnace":2,"apocalypsenow:vodka":2,"minecraft:stone_pickaxe":44,"minecraft:wooden_pickaxe":7,"minecraft:crafting_table":7,"another_furniture:light_gray_sofa":2,"farmersdelight:apple_cider":1,"minecraft:iron_pickaxe":52,"minecraft:stone_axe":16,"apocalypsenow:dagger":187,"minecraft:wooden_sword":71,"minecraft:cobblestone":6,"minecraft:potion":3},"minecraft:dropped":{"apocalypsenow:human_flesh":5,"minecraft:glass_bottle":4,"quark:gray_shard":6,"refinedstorage:cable":7,"minecraft:emerald":10,"minecraft:iron_pickaxe":1,"minecraft:birch_stairs":1,"minecraft:bone":6,"farmersdelight:melon_juice":2,"sophisticatedbackpacks:backpack":1,"apocalypsenow:bread_knife":1,"pipez:energy_pipe":13,"artifacts:running_shoes":1},"minecraft:killed_by":{"minecraft:husk":6,"undead_revamp2:the_moonflower":5,"minecraft:drowned":1,"zombie_extreme:infected_police":3,"minecraft:zombie":4}},"DataVersion":2975}