{"stats":{"minecraft:crafted":{"firstaid:plaster":1,"minecraft:cooked_mutton":2,"minecraft:leather":22,"minecraft:chest":1,"sophisticatedbackpacks:iron_backpack":1,"minecraft:crafting_table":4,"biomesoplenty:redwood_planks":4,"minecraft:wooden_pickaxe":2,"sophisticatedbackpacks:gold_backpack":1,"minecraft:air":124,"minecraft:white_wool":10,"minecraft:stick":12,"apocalypsenow:cooked_human_flesh":2,"minecraft:iron_pickaxe":1,"minecraft:white_bed":2},"minecraft:custom":{"lootr:looted_stat":56,"minecraft:mob_kills":165,"minecraft:interact_with_crafting_table":12,"minecraft:open_barrel":2,"minecraft:microwave_used":1,"minecraft:damage_dealt_resisted":199,"minecraft:leave_game":1,"minecraft:time_since_death":19182,"minecraft:climb_one_cm":90611,"minecraft:sprint_one_cm":421640,"minecraft:walk_one_cm":781350,"minecraft:fridge_opened":17,"minecraft:drop":16,"minecraft:damage_dealt_absorbed":121,"minecraft:play_time":255974,"minecraft:deaths":17,"minecraft:sneak_time":14659,"minecraft:walk_under_water_one_cm":132,"minecraft:jump":1620,"minecraft:drawer_searched":3,"minecraft:walk_on_water_one_cm":1962,"minecraft:total_world_time":255974,"minecraft:interact_with_furnace":14,"minecraft:stove_opened":10,"minecraft:trashcan_opened":1,"minecraft:sleep_in_bed":8,"minecraft:cabinet_searched":4,"minecraft:time_since_rest":18833,"minecraft:damage_taken":5502,"minecraft:damage_dealt":24445,"minecraft:swim_one_cm":448,"minecraft:fly_one_cm":206842,"minecraft:freezer_opened":5,"minecraft:open_chest":2,"minecraft:crouch_one_cm":21963,"minecraft:interact_with_smoker":1,"minecraft:fall_one_cm":37660},"minecraft:dropped":{"minecraft:glass_bottle":1,"minecraft:diamond":4,"artifacts:cloud_in_a_bottle":1,"refinedstorage:16k_storage_part":1,"apocalypsenow:tatical_mace":1,"biomesoplenty:redwood_log":137,"minecraft:iron_door":1,"minecraft:string":11,"minecraft:white_wool":12,"refinedstorage:controller":1,"firstaid:plaster":4},"minecraft:mined":{"minecraft:spruce_planks":1,"minecraft:white_bed":1,"embellishcraft:light_gray_couch":1,"minecraft:gray_stained_glass_pane":2,"minecraft:grass_block":4,"embellishcraft:smooth_basalt_slab":1,"minecraft:moss_block":2,"minecraft:spawner":39,"minecraft:fire":1,"minecraft:anvil":1,"biomesoplenty:redwood_log":19,"minecraft:lantern":1,"embellishcraft:steel_door":1,"minecraft:cyan_terracotta":1,"quark:lavender_blossom_hedge":1,"minecraft:crafting_table":2,"minecraft:torch":4,"minecraft:gray_stained_glass":2,"embellishcraft:polished_marble":3,"minecraft:iron_door":14,"minecraft:wall_torch":6,"create:vertical_framed_glass_pane":2,"biomesoplenty:redwood_leaves":2,"minecraft:dirt":2,"pfm:oak_gray_simple_bed":1,"minecraft:cobweb":6,"another_furniture:spruce_planter_box":2,"minecraft:oak_leaves":5},"minecraft:picked_up":{"biomesoplenty:redwood_log":220,"minecraft:crafting_table":3,"tac:glock_17":3,"minecraft:chicken":2,"minecraft:anvil":4,"immersiveengineering:plate_duroplast":14,"minecraft:wooden_pickaxe":3,"apocalypsenow:u_sarmy_helmet":1,"minecraft:potion":9,"apocalypsenow:can_opener":1,"quark:gunpowder_sack":2,"refinedstorage:controller":2,"create:bar_of_chocolate":36,"minecraft:string":168,"minecraft:flint_and_steel":3,"pfm:oak_gray_simple_bed":1,"refinedstorage:crafting_grid":2,"farmersdelight:fried_rice":2,"apocalypsenow:construction_boots":1,"minecraft:spruce_planks":1,"minecraft:iron_pickaxe":1,"farmersdelight:kelp_roll_slice":1,"minecraft:stick":4,"refinedstorage:16k_storage_part":2,"tac:m4":3,"minecraft:torch":48,"sophisticatedbackpacks:backpack":3,"chalk:blue_chalk":1,"tac:b_magnum":18,"apocalypsenow:fire_figther_leggings":1,"biomesoplenty:redwood_planks":191,"embellishcraft:steel_door":1,"minecraft:rotten_flesh":113,"biomesoplenty:redwood_sapling":2,"farmersdelight:beef_stew":1,"minecraft:cyan_terracotta":1,"apocalypsenow:police_chestplate":2,"apocalypsenow:bikers_helmet":1,"minecraft:gold_ingot":8,"apocalypsenow:police_boots":4,"firstaid:bandage":2,"apocalypsenow:fire_figther_chestplate":1,"minecraft:white_wool":17,"tac:round45":16,"minecraft:leather_chestplate":1,"minecraft:feather":4,"minecraft:iron_door":15,"another_furniture:spruce_planter_box":4,"minecraft:leather":20,"embellishcraft:polished_marble":3,"contenttweaker:rubber":12,"artifacts:cloud_in_a_bottle":4,"minecraft:gunpowder":193,"apocalypsenow:construction_chestplate":5,"minecraft:lapis_lazuli":30,"minecraft:dirt":6,"minecraft:lantern":1,"cgm:grenade":11,"minecraft:bone":202,"apocalypsenow:human_flesh":12,"apocalypsenow:money":114,"tac:nato_556_bullet":24,"minecraft:iron_ingot":23,"refinedstorage:advanced_processor":1,"apocalypsenow:fire_figther_helmet":1,"minecraft:glowstone_dust":22,"minecraft:glass_bottle":3,"tac:9mm_round":41,"minecraft:moss_block":1,"apocalypsenow:police_helmet":3,"tac:ae50":117,"apocalypsenow:grape_juice":5,"firstaid:plaster":15,"apocalypsenow:u_sarmy_chestplate":1,"contenttweaker:resistant_fabric":2,"patchouli:guide_book":1,"contenttweaker:high_carbon_steel_alloy":1,"chalk:red_chalk":1,"apocalypsenow:tatical_mace":3,"embellishcraft:smooth_basalt_slab":1,"apocalypsenow:police_leggings":3,"apocalypsenow:vodka":3,"minecraft:white_bed":1,"tac:mp7":3,"minecraft:diamond":8,"minecraft:bread":20,"tac:762x39":25,"quark:gray_shard":7,"apocalypsenow:construction_helmet":2,"embellishcraft:light_gray_couch":1},"minecraft:killed_by":{"minecraft:player":1,"undead_revamp2:the_moonflower":3,"hordes:zombie_player":4,"minecraft:zombie":5,"undead_revamp2:thesmoker":2,"zombie_extreme:crawler":1},"minecraft:used":{"pfm:oak_gray_simple_bed":1,"farmersdelight:kelp_roll_slice":2,"minecraft:flint_and_steel":5,"biomesoplenty:redwood_planks":14,"minecraft:spruce_planks":1,"minecraft:torch":47,"apocalypsenow:grape_juice":4,"farmersdelight:fish_stew":2,"biomesoplenty:redwood_log":2,"minecraft:lantern":1,"apocalypsenow:baseball_bat":14,"apocalypsenow:porpsi":4,"apocalypsenow:combat_knife":238,"farmersdelight:salmon_roll":3,"farmersdelight:beef_stew":1,"apocalypsenow:vodka":1,"biomesoplenty:redwood_sapling":2,"minecraft:wooden_pickaxe":61,"minecraft:crafting_table":6,"minecraft:white_bed":3,"apocalypsenow:coke":9,"apocalypsenow:tatical_mace":541,"farmersdelight:apple_cider":2,"minecraft:bread":4,"minecraft:iron_pickaxe":28,"cgm:grenade":4,"minecraft:iron_door":2,"minecraft:potion":17},"minecraft:killed":{"hordes:zombie_player":3,"undead_revamp2:thesmoker":3,"minecraft:chicken":1,"zombie_extreme:runner":3,"minecraft:husk":11,"minecraft:zombie_villager":1,"undead_revamp2:the_moonflower":6,"minecraft:zombie":77,"zombie_extreme:infected_police":1,"mutationcraft:human_herder":1}},"DataVersion":2975}