{"stats":{"minecraft:crafted":{"apocalypsenow:canned_fish":1,"minecraft:wooden_sword":1,"immersiveengineering:hammer":2,"minecraft:rotten_flesh":1,"minecraft:furnace":4,"minecraft:blast_furnace":1,"create:iron_sheet":2,"minecraft:leather":19,"immersiveengineering:wirecutter":1,"immersiveengineering:ingot_lead":5,"minecraft:stone_pickaxe":2,"minecraft:chest":1,"create:bar_of_chocolate":1,"farmersdelight:hamburger":1,"sophisticatedbackpacks:backpack":1,"minecraft:crafting_table":8,"minecraft:iron_sword":1,"minecraft:chainmail_chestplate":1,"minecraft:copper_ingot":19,"minecraft:bread":1,"minecraft:air":264,"minecraft:potion":12,"minecraft:iron_chestplate":1,"minecraft:white_wool":7,"minecraft:charcoal":10,"minecraft:gold_nugget":18,"minecraft:shield":1,"minecraft:stick":36,"minecraft:iron_ingot":19,"minecraft:iron_pickaxe":2,"minecraft:wooden_axe":4,"minecraft:iron_shovel":1,"minecraft:gold_ingot":1,"firstaid:bandage":1,"create_sa:copper_sword":1,"minecraft:white_bed":3,"create:zinc_ingot":7},"minecraft:mined":{"quark:smooth_quartz_vertical_slab":2,"create:deepslate_zinc_ore":14,"minecraft:deepslate_diamond_ore":2,"embellishcraft:light_gray_couch":1,"farmersdelight:tomato_crate":1,"create:horizontal_framed_glass":1,"minecraft:stone_button":1,"minecraft:grass_block":3,"minecraft:coal_block":4,"minecraft:moss_block":1,"minecraft:spawner":10,"minecraft:smooth_stone":6,"minecraft:furnace":6,"cfm:stone_chair":2,"minecraft:iron_ore":15,"minecraft:andesite":9,"minecraft:deepslate_lapis_ore":3,"minecraft:anvil":1,"minecraft:brown_bed":2,"create:polished_cut_limestone":1,"biomesoplenty:redwood_log":23,"minecraft:deepslate_iron_ore":4,"immersiveengineering:ore_lead":2,"minecraft:stone":168,"create:limestone":20,"minecraft:deepslate_redstone_ore":17,"biomesoplenty:redwood_planks":2,"quark:smooth_stone_vertical_slab":1,"cfm:oak_hedge":1,"minecraft:crafting_table":7,"minecraft:torch":1,"minecraft:calcite":5,"minecraft:gray_stained_glass":7,"embellishcraft:polished_marble":1,"minecraft:smooth_quartz_slab":1,"minecraft:copper_ore":9,"minecraft:lapis_ore":6,"minecraft:diorite":41,"minecraft:deepslate_copper_ore":2,"create:polished_cut_limestone_slab":4,"immersiveengineering:deepslate_ore_lead":3,"minecraft:smooth_stone_slab":3,"embellishcraft:smooth_marble":6,"minecraft:coal_ore":19,"biomesoplenty:redwood_leaves":80,"minecraft:gravel":16,"minecraft:dirt":19,"minecraft:smooth_quartz":3,"minecraft:cobweb":1,"minecraft:stone_bricks":1,"minecraft:mossy_stone_bricks":1,"quark:oak_vertical_slab":3,"minecraft:deepslate":16},"minecraft:broken":{"minecraft:wooden_sword":1,"minecraft:iron_pickaxe":1,"minecraft:wooden_axe":2},"minecraft:picked_up":{"biomesoplenty:redwood_log":304,"cfm:stone_chair":1,"minecraft:wheat":1,"minecraft:charcoal":9,"minecraft:crafting_table":7,"apocalypsenow:fire_figther_boots":1,"minecraft:anvil":1,"minecraft:leather_leggings":1,"minecraft:brown_bed":2,"apocalypsenow:u_sarmy_helmet":1,"minecraft:potion":5,"minecraft:string":53,"minecraft:raw_copper":38,"create:limestone":20,"minecraft:smooth_stone_slab":1,"immersiveengineering:raw_lead":5,"minecraft:cobbled_deepslate":6,"minecraft:smooth_stone":4,"minecraft:calcite":5,"minecraft:coal_block":4,"minecraft:furnace":6,"minecraft:stick":31,"minecraft:raw_iron":19,"minecraft:torch":4,"minecraft:stone_button":2,"minecraft:diorite":40,"minecraft:redstone":76,"apocalypsenow:fire_figther_leggings":1,"biomesoplenty:redwood_planks":16,"minecraft:rotten_flesh":41,"farmersdelight:onion":3,"biomesoplenty:redwood_sapling":33,"minecraft:cobblestone":162,"tac:round45":3,"minecraft:glow_ink_sac":1,"minecraft:andesite":9,"minecraft:potato":2,"minecraft:flint":4,"create:raw_zinc":14,"embellishcraft:polished_marble":1,"minecraft:lapis_lazuli":55,"farmersdelight:tomato":14,"minecraft:dirt":22,"apocalypsenow:u_sarmy_leggings":1,"minecraft:bone":64,"apocalypsenow:construction_leggings":1,"minecraft:apple":3,"minecraft:wheat_seeds":1,"minecraft:iron_ingot":2,"tac:9mm_round":4,"quark:smooth_stone_vertical_slab":1,"quark:oak_vertical_slab":4,"minecraft:gravel":18,"cfm:oak_hedge":1,"create:polished_cut_limestone":1,"minecraft:diamond":2,"minecraft:iron_helmet":1,"quark:gray_shard":18,"minecraft:coal":19},"minecraft:custom":{"lootr:looted_stat":11,"minecraft:mob_kills":59,"minecraft:interact_with_crafting_table":49,"minecraft:open_barrel":4,"minecraft:microwave_used":1,"minecraft:leave_game":4,"minecraft:time_since_death":98985,"minecraft:climb_one_cm":12864,"minecraft:sprint_one_cm":61176,"minecraft:walk_one_cm":302769,"minecraft:fridge_opened":8,"minecraft:drop":1,"minecraft:play_time":137470,"minecraft:deaths":3,"minecraft:sneak_time":12692,"minecraft:walk_under_water_one_cm":3211,"minecraft:jump":342,"minecraft:interact_with_blast_furnace":2,"minecraft:walk_on_water_one_cm":2588,"minecraft:total_world_time":137470,"minecraft:interact_with_furnace":66,"minecraft:tune_noteblock":3,"minecraft:stove_opened":8,"minecraft:sleep_in_bed":4,"minecraft:time_since_rest":52601,"minecraft:damage_taken":1182,"minecraft:damage_dealt":9417,"minecraft:fly_one_cm":20593,"minecraft:swim_one_cm":701,"minecraft:freezer_opened":2,"minecraft:open_chest":4,"minecraft:crouch_one_cm":26799,"minecraft:fall_one_cm":6387},"minecraft:killed":{"zombie_extreme:crawler":2,"minecraft:husk":13,"undead_revamp2:the_moonflower":1,"minecraft:bat":2,"minecraft:zombie":39,"zombiemobs:zombie_goat":1,"minecraft:glow_squid":1},"minecraft:used":{"apocalypsenow:hand_axe":70,"minecraft:iron_shovel":14,"biomesoplenty:redwood_planks":25,"minecraft:chest":2,"minecraft:iron_sword":110,"minecraft:torch":89,"minecraft:dirt":17,"biomesoplenty:redwood_log":2,"minecraft:wooden_axe":47,"minecraft:furnace":10,"minecraft:potato":3,"farmersdelight:beef_stew":1,"minecraft:brown_bed":1,"minecraft:wheat_seeds":1,"minecraft:glass_bottle":12,"minecraft:stone_pickaxe":68,"minecraft:wooden_pickaxe":31,"minecraft:crafting_table":13,"minecraft:blast_furnace":1,"minecraft:white_bed":3,"minecraft:iron_pickaxe":351,"minecraft:gravel":6,"minecraft:wooden_sword":59,"minecraft:cobblestone":15,"minecraft:potion":6,"immersiveengineering:wirecutter":2},"minecraft:dropped":{"biomesoplenty:redwood_planks":14},"minecraft:killed_by":{"undead_revamp2:the_moonflower":1,"undead_revamp2:thesmoker":1}},"DataVersion":2975}