{"stats":{"minecraft:crafted":{"minecraft:cooked_chicken":4,"minecraft:baked_potato":6,"minecraft:cooked_mutton":12,"minecraft:air":164,"minecraft:white_wool":3,"minecraft:charcoal":25,"minecraft:gold_nugget":9,"minecraft:shield":1,"minecraft:iron_axe":1,"minecraft:stick":4,"minecraft:chest":1,"minecraft:gold_ingot":18,"minecraft:birch_button":2},"minecraft:mined":{"biomesoplenty:smooth_white_sandstone_stairs":1,"minecraft:quartz_block":1,"minecraft:cyan_terracotta":7,"farmersdelight:roast_chicken_block":1,"minecraft:gray_stained_glass_pane":6,"minecraft:torch":2,"minecraft:gray_stained_glass":4,"embellishcraft:polished_marble":4,"quark:gray_framed_glass":5,"minecraft:oak_planks":1,"minecraft:iron_door":5,"minecraft:wall_torch":1,"minecraft:spawner":7,"minecraft:smooth_stone":2,"minecraft:spruce_stairs":1,"minecraft:black_stained_glass_pane":2,"minecraft:birch_planks":7,"farmersdelight:shepherds_pie_block":1,"quark:gunpowder_sack":6,"minecraft:gold_block":2,"embellishcraft:smooth_marble":6,"create:vertical_framed_glass_pane":3,"quark:oak_hedge":1,"biomesoplenty:redwood_log":4,"biomesoplenty:redwood_leaves":5,"another_furniture:light_gray_curtain":1,"minecraft:dirt":5,"minecraft:iron_block":10,"minecraft:cobweb":5,"create:dark_oak_window_pane":3,"minecraft:emerald_block":4},"minecraft:broken":{"minecraft:wooden_pickaxe":1},"minecraft:picked_up":{"biomesoplenty:redwood_log":167,"tac:round45":6,"tac:mk23":2,"minecraft:leather_chestplate":1,"apocalypsenow:peach_juice":4,"minecraft:iron_door":5,"minecraft:birch_planks":4,"minecraft:gold_block":2,"minecraft:potion":23,"embellishcraft:polished_marble":4,"quark:gunpowder_sack":8,"farmersdelight:roast_chicken_block":1,"refinedstorage:controller":1,"artifacts:cloud_in_a_bottle":2,"apocalypsenow:construction_chestplate":1,"another_furniture:light_gray_curtain":1,"minecraft:dirt":5,"minecraft:string":48,"farmersdelight:shepherds_pie_block":1,"cgm:grenade":2,"embellishcraft:gneiss_large_bricks_wall":2,"minecraft:flint_and_steel":2,"minecraft:cooked_mutton":2,"minecraft:bone":34,"apocalypsenow:construction_leggings":2,"apocalypsenow:human_flesh":4,"farmersdelight:fried_rice":1,"minecraft:smooth_stone":2,"farmersdelight:cabbage":5,"apocalypsenow:money":93,"minecraft:iron_ingot":28,"apocalypsenow:fire_figther_helmet":1,"minecraft:glass_bottle":4,"minecraft:iron_pickaxe":2,"minecraft:smooth_quartz":1,"tac:9mm_round":71,"apocalypsenow:police_helmet":2,"minecraft:oak_planks":1,"tac:ae50":5,"minecraft:stick":14,"firstaid:plaster":12,"minecraft:emerald_block":4,"embellishcraft:smooth_marble":14,"patchouli:guide_book":1,"tac:m4":2,"minecraft:torch":7,"apocalypsenow:tatical_mace":2,"sophisticatedbackpacks:backpack":1,"minecraft:spruce_stairs":1,"apocalypsenow:police_leggings":1,"minecraft:carrot":1,"minecraft:rotten_flesh":33,"minecraft:diamond":4,"xpbook:xp_tome":4,"farmersdelight:onion":11,"quark:oak_hedge":1,"minecraft:gold_ingot":18,"minecraft:iron_block":13,"minecraft:emerald":19,"minecraft:cyan_terracotta":5,"apocalypsenow:police_chestplate":2,"create:framed_glass_door":2,"farmersdelight:beef_stew":2,"minecraft:bread":2,"apocalypsenow:police_boots":2,"firstaid:bandage":3,"minecraft:baked_potato":6,"quark:gray_shard":28,"minecraft:oak_sapling":1,"apocalypsenow:fire_figther_chestplate":1,"farmersdelight:melon_juice":5,"quark:gray_framed_glass":5},"minecraft:custom":{"minecraft:interact_with_furnace":11,"lootr:looted_stat":33,"minecraft:mob_kills":70,"minecraft:interact_with_crafting_table":10,"minecraft:open_barrel":2,"minecraft:stove_opened":11,"minecraft:damage_dealt_resisted":33,"minecraft:time_since_death":17886,"minecraft:sleep_in_bed":5,"minecraft:climb_one_cm":45979,"minecraft:cabinet_searched":4,"minecraft:time_since_rest":17911,"minecraft:sprint_one_cm":186350,"minecraft:damage_taken":3107,"minecraft:walk_one_cm":593395,"minecraft:fridge_opened":1,"minecraft:drop":2,"minecraft:damage_dealt":11170,"minecraft:damage_dealt_absorbed":3,"minecraft:fly_one_cm":98183,"minecraft:freezer_opened":3,"minecraft:player_kills":1,"minecraft:open_chest":1,"minecraft:crouch_one_cm":2758,"minecraft:play_time":143429,"minecraft:deaths":7,"minecraft:sneak_time":1952,"minecraft:walk_on_water_one_cm":47,"minecraft:jump":626,"minecraft:drawer_searched":2,"minecraft:total_world_time":143429,"minecraft:fall_one_cm":24562},"minecraft:killed":{"zombie_extreme:crawler":2,"minecraft:husk":2,"undead_revamp2:the_moonflower":4,"undead_revamp2:thesmoker":2,"minecraft:zombie":46,"zombie_extreme:infected_police":6,"zombie_extreme:runner":1},"minecraft:used":{"farmersdelight:roast_chicken_block":2,"minecraft:cooked_mutton":2,"minecraft:baked_potato":6,"minecraft:chest":1,"minecraft:wooden_pickaxe":46,"farmersdelight:cabbage":5,"minecraft:cooked_chicken":4,"farmersdelight:melon_juice":5,"minecraft:torch":22,"farmersdelight:onion":26,"minecraft:dirt":5,"apocalypsenow:apple_juice":5,"apocalypsenow:grape_juice":4,"apocalypsenow:coke":2,"embellishcraft:smooth_marble":6,"apocalypsenow:tatical_mace":180,"farmersdelight:apple_cider":1,"farmersdelight:fried_rice":1,"minecraft:iron_block":1,"minecraft:iron_axe":1,"minecraft:bread":8,"cgm:grenade":1,"minecraft:iron_pickaxe":44,"farmersdelight:melon_popsicle":1,"minecraft:iron_door":1,"minecraft:potion":43,"apocalypsenow:peach_juice":4,"apocalypsenow:bayonet":6,"farmersdelight:shepherds_pie_block":1,"embellishcraft:polished_marble":2,"farmersdelight:beef_stew":2},"minecraft:dropped":{"apocalypsenow:police_leggings":1,"apocalypsenow:construction_chestplate":1},"minecraft:killed_by":{"undead_revamp2:the_moonflower":2}},"DataVersion":2975}