{"stats":{"minecraft:crafted":{"minecraft:chest":2,"minecraft:diamond_axe":1,"minecraft:crafting_table":1,"minecraft:air":105,"minecraft:stick":4},"minecraft:mined":{"apocalypsenow:beartrapactivated":1,"minecraft:gray_stained_glass_pane":2,"minecraft:stone_button":1,"rocks:rock":1,"minecraft:spawner":7,"minecraft:smooth_stone":2,"quark:calcite_bricks":2,"biomesoplenty:redwood_log":6,"minecraft:stripped_oak_log":15,"minecraft:white_wool":2,"minecraft:tripwire":2,"minecraft:quartz_block":1,"minecraft:torch":3,"create:framed_glass_door":1,"minecraft:gray_stained_glass":2,"create:framed_glass":1,"quark:gray_framed_glass":1,"minecraft:bricks":2,"minecraft:wall_torch":6,"minecraft:black_stained_glass":2,"minecraft:birch_planks":18,"minecraft:tinted_glass":1,"quark:spruce_vertical_slab":7,"embellishcraft:white_spruce_fancy_bed":1,"embellishcraft:smooth_marble":4,"create:vertical_framed_glass_pane":2,"biomesoplenty:redwood_leaves":6,"quark:calcite_bricks_vertical_slab":1,"quark:polished_calcite_vertical_slab":5,"minecraft:fern":1},"minecraft:broken":{"apocalypsenow:baseball_bat":1,"apocalypsenow:night_stick":1},"minecraft:picked_up":{"biomesoplenty:redwood_log":6,"sophisticatedbackpacks:gold_backpack":102,"minecraft:wheat":2,"apocalypsenow:fire_figther_boots":2,"tac:glock_17":1,"immersiveengineering:plate_duroplast":3,"minecraft:wooden_pickaxe":1,"farmersdelight:cutting_board":1,"immersiveengineering:nugget_steel":2,"minecraft:string":145,"artifacts:power_glove":1,"quark:polished_calcite_vertical_slab":3,"minecraft:smooth_stone":2,"apocalypsenow:construction_boots":2,"apocalypsenow:forestguard_chestplate":1,"quark:black_shard":6,"minecraft:tinted_glass":1,"embellishcraft:smooth_marble":4,"tac:m4":1,"minecraft:torch":94,"sophisticatedbackpacks:backpack":27,"artifacts:vampiric_glove":1,"minecraft:stone_button":1,"quark:spruce_vertical_slab":6,"minecraft:iron_horse_armor":1,"apocalypsenow:fire_figther_leggings":2,"biomesoplenty:redwood_planks":14,"apocalypsenow:porpsi":21,"artifacts:lucky_scarf":1,"minecraft:rotten_flesh":104,"minecraft:beetroot_seeds":4,"quark:calcite_bricks":2,"farmersdelight:hamburger":25,"artifacts:running_shoes":1,"minecraft:gold_ingot":46,"artifacts:pocket_piston":1,"apocalypsenow:police_boots":1,"artifacts:panic_necklace":1,"apocalypsenow:fire_figther_chestplate":1,"minecraft:white_wool":14,"minecraft:stripped_oak_log":15,"apocalypsenow:u_sarmy_boots":1,"tac:round45":7,"quark:calcite_bricks_vertical_slab":1,"minecraft:potato":1,"minecraft:birch_planks":19,"contenttweaker:rubber":26,"artifacts:superstitious_hat":2,"minecraft:gunpowder":6,"artifacts:cloud_in_a_bottle":1,"apocalypsenow:construction_chestplate":4,"minecraft:bone":86,"apocalypsenow:u_sarmy_leggings":1,"apocalypsenow:construction_leggings":3,"apocalypsenow:human_flesh":3,"apocalypsenow:money":387,"minecraft:iron_ingot":1,"biomesoplenty:smooth_white_sandstone_stairs":1,"apocalypsenow:cloth":3,"artifacts:steadfast_spikes":1,"tac:9mm_round":6,"minecraft:glass_bottle":6,"apocalypsenow:police_helmet":1,"minecraft:oak_planks":3,"embellishcraft:white_spruce_fancy_bed":1,"tac:ae50":8,"apocalypsenow:grape_juice":2,"firstaid:plaster":28,"artifacts:obsidian_skull":1,"apocalypsenow:police_leggings":1,"apocalypsenow:forestguard_boots":1,"apocalypsenow:dagger":1,"apocalypsenow:coke":18,"tac:mp7":1,"minecraft:diamond":17,"apocalypsenow:bear_trap":1,"create:framed_glass_door":2,"quark:gray_shard":8,"minecraft:bricks":2,"rocks:cobblestone_splitter":1,"quark:gray_framed_glass":1},"minecraft:custom":{"lootr:looted_stat":34,"minecraft:mob_kills":128,"minecraft:interact_with_crafting_table":18,"minecraft:open_barrel":1,"minecraft:microwave_used":1,"minecraft:time_since_death":25724,"minecraft:climb_one_cm":8093,"minecraft:sprint_one_cm":34703,"minecraft:walk_one_cm":602144,"minecraft:fridge_opened":7,"minecraft:drop":158,"minecraft:damage_dealt_absorbed":121,"minecraft:play_time":141911,"minecraft:deaths":9,"minecraft:sneak_time":752,"minecraft:walk_under_water_one_cm":126,"minecraft:jump":346,"minecraft:walk_on_water_one_cm":1315,"minecraft:total_world_time":141911,"minecraft:interact_with_furnace":7,"minecraft:stove_opened":1,"minecraft:trashcan_opened":2,"minecraft:sleep_in_bed":4,"minecraft:time_since_rest":25749,"minecraft:damage_taken":3299,"minecraft:damage_dealt":23453,"minecraft:freezer_opened":1,"minecraft:fly_one_cm":26814,"minecraft:open_chest":29,"minecraft:crouch_one_cm":1718,"minecraft:interact_with_smoker":2,"minecraft:fall_one_cm":8488},"minecraft:killed":{"hordes:zombie_player":1,"undead_revamp2:thesmoker":2,"zombie_extreme:crawler":1,"minecraft:husk":5,"undead_revamp2:the_moonflower":4,"undead_revamp2:theordure":1,"minecraft:zombie":102,"zombie_extreme:infected_police":1},"minecraft:used":{"biomesoplenty:redwood_planks":10,"minecraft:chest":3,"farmersdelight:melon_juice":5,"biomesoplenty:smooth_white_sandstone_stairs":1,"minecraft:torch":99,"apocalypsenow:coffee":2,"minecraft:wooden_axe":13,"apocalypsenow:baseball_bat":33,"farmersdelight:melon_popsicle":5,"farmersdelight:glow_berry_custard":21,"embellishcraft:white_spruce_fancy_bed":1,"apocalypsenow:porpsi":1,"apocalypsenow:night_stick":853,"farmersdelight:hamburger":1,"minecraft:oak_planks":1,"minecraft:wooden_pickaxe":44,"minecraft:diamond_axe":28,"minecraft:white_wool":6,"minecraft:crafting_table":4,"minecraft:white_bed":1,"minecraft:string":4,"cgm:grenade":1,"minecraft:potion":4,"apocalypsenow:peach_juice":3},"minecraft:dropped":{"quark:spruce_vertical_slab":2,"minecraft:birch_planks":1,"minecraft:glass_bottle":6,"minecraft:iron_horse_armor":1,"immersiveengineering:nugget_steel":2,"apocalypsenow:forestguard_boots":1,"sophisticatedbackpacks:gold_backpack":101,"immersiveengineering:plate_duroplast":3,"create:framed_glass_door":1,"minecraft:string":6,"minecraft:bone":8,"minecraft:wheat":2,"minecraft:rotten_flesh":10,"biomesoplenty:redwood_planks":14,"minecraft:stripped_oak_log":1,"apocalypsenow:money":192,"sophisticatedbackpacks:backpack":27,"apocalypsenow:cloth":3,"apocalypsenow:construction_chestplate":1,"minecraft:gunpowder":6,"minecraft:beetroot_seeds":4,"apocalypsenow:dagger":1,"apocalypsenow:coke":9,"firstaid:plaster":4},"minecraft:killed_by":{"minecraft:husk":1,"minecraft:zombie":5}},"DataVersion":2975}