{"stats":{"minecraft:crafted":{"minecraft:crafting_table":4,"biomesoplenty:redwood_planks":12,"minecraft:wooden_pickaxe":2,"minecraft:golden_pickaxe":1,"minecraft:air":195,"minecraft:white_wool":2,"minecraft:stick":4,"minecraft:iron_pickaxe":1,"minecraft:stone_pickaxe":1,"minecraft:wooden_axe":1,"firstaid:bandage":2},"minecraft:mined":{"biomesoplenty:redwood_planks":3,"minecraft:quartz_block":1,"minecraft:cyan_terracotta":4,"minecraft:gray_stained_glass_pane":1,"minecraft:crafting_table":4,"minecraft:torch":4,"minecraft:light_gray_bed":3,"embellishcraft:polished_marble":16,"quark:gray_framed_glass":1,"minecraft:cobblestone":9,"cfm:gray_picket_fence":1,"minecraft:iron_door":3,"minecraft:wall_torch":3,"minecraft:spawner":4,"minecraft:smooth_stone":3,"minecraft:gold_block":2,"minecraft:brown_bed":1,"embellishcraft:smooth_marble":1,"minecraft:iron_bars":6,"biomesoplenty:redwood_log":7,"biomesoplenty:redwood_leaves":36,"minecraft:dirt":2,"pfm:oak_gray_simple_bed":5,"minecraft:stone":7,"minecraft:iron_block":4,"minecraft:deepslate":3,"minecraft:emerald_block":1,"minecraft:oak_leaves":3},"minecraft:broken":{"minecraft:wooden_axe":1,"apocalypsenow:combat_knife":1},"minecraft:picked_up":{"biomesoplenty:redwood_log":239,"apocalypsenow:u_sarmy_boots":3,"tac:round45":7,"minecraft:crafting_table":3,"tac:glock_17":2,"minecraft:iron_door":3,"tac:sti2011":2,"minecraft:brown_bed":1,"minecraft:gold_block":2,"minecraft:potion":6,"contenttweaker:rubber":6,"embellishcraft:polished_marble":22,"create:bar_of_chocolate":8,"minecraft:gunpowder":51,"refinedstorage:improved_processor":2,"minecraft:dirt":2,"minecraft:string":164,"minecraft:flint_and_steel":2,"pfm:oak_gray_simple_bed":5,"minecraft:bone":234,"apocalypsenow:human_flesh":10,"minecraft:smooth_stone":3,"apocalypsenow:construction_boots":1,"apocalypsenow:money":27,"minecraft:iron_ingot":69,"minecraft:iron_pickaxe":2,"minecraft:glass_bottle":1,"tac:9mm_round":17,"apocalypsenow:police_helmet":2,"apocalypsenow:electric_baton":4,"tac:ae50":10,"minecraft:stick":23,"minecraft:emerald_block":1,"chalk:red_chalk":2,"minecraft:torch":54,"chalk:blue_chalk":2,"tac:b_magnum":6,"tac:mp7":2,"biomesoplenty:redwood_planks":6,"minecraft:diamond":2,"minecraft:light_gray_bed":1,"minecraft:rotten_flesh":123,"minecraft:stone_axe":1,"apocalypsenow:scissorst":1,"minecraft:gold_ingot":18,"apocalypsenow:police_chestplate":2,"apocalypsenow:police_boots":2,"minecraft:iron_block":4,"minecraft:bread":16,"minecraft:cyan_terracotta":2,"minecraft:emerald":18,"refinedstorage:1k_storage_part":2,"firstaid:bandage":4,"biomesoplenty:redwood_sapling":13,"apocalypsenow:construction_helmet":2,"minecraft:cobblestone":17,"quark:gray_framed_glass":1},"minecraft:custom":{"lootr:looted_stat":23,"minecraft:interact_with_furnace":7,"minecraft:mob_kills":176,"minecraft:toilet_used":3,"minecraft:interact_with_crafting_table":10,"minecraft:time_since_death":3399,"minecraft:sleep_in_bed":4,"minecraft:climb_one_cm":52637,"minecraft:cabinet_searched":3,"minecraft:time_since_rest":3430,"minecraft:sprint_one_cm":155652,"minecraft:damage_taken":4433,"minecraft:walk_one_cm":646283,"minecraft:drop":10,"minecraft:damage_dealt":30443,"minecraft:talked_to_villager":3,"minecraft:fly_one_cm":66154,"minecraft:freezer_opened":1,"minecraft:crouch_one_cm":18389,"minecraft:play_time":142840,"minecraft:deaths":12,"minecraft:sneak_time":7923,"minecraft:walk_under_water_one_cm":2309,"minecraft:jump":1191,"minecraft:walk_on_water_one_cm":3554,"minecraft:total_world_time":142840,"minecraft:fall_one_cm":26438},"minecraft:killed":{"minecraft:husk":4,"hordes:zombie_player":6,"undead_revamp2:the_moonflower":6,"minecraft:bat":2,"undead_revamp2:thesmoker":4,"undead_revamp2:theordure":1,"minecraft:zombie":122,"zombie_extreme:infected_police":1,"zombie_extreme:runner":3},"minecraft:used":{"pfm:oak_gray_simple_bed":5,"apocalypsenow:electric_baton":8,"minecraft:stone_pickaxe":4,"biomesoplenty:redwood_planks":89,"biomesoplenty:redwood_sapling":2,"minecraft:wooden_pickaxe":9,"farmersdelight:melon_juice":2,"quark:gray_framed_glass":1,"minecraft:torch":59,"minecraft:dirt":2,"apocalypsenow:grape_juice":3,"minecraft:crafting_table":7,"apocalypsenow:orange_juice":3,"biomesoplenty:redwood_log":47,"minecraft:wooden_axe":1,"minecraft:cyan_terracotta":1,"apocalypsenow:baseball_bat":17,"minecraft:iron_pickaxe":52,"cgm:grenade":1,"apocalypsenow:scissorst":1,"minecraft:stone_axe":11,"minecraft:cobblestone":6,"minecraft:potion":6,"apocalypsenow:porpsi":4,"apocalypsenow:combat_knife":603,"minecraft:light_gray_bed":1,"minecraft:smooth_stone":3,"minecraft:golden_pickaxe":20,"embellishcraft:polished_marble":8,"farmersdelight:hamburger":2,"minecraft:brown_bed":1},"minecraft:dropped":{"farmersdelight:melon_juice":3,"minecraft:glass_bottle":1,"apocalypsenow:small_can":1,"minecraft:potion":5},"minecraft:killed_by":{"minecraft:zombie":7,"hordes:zombie_player":1,"zombie_extreme:infected_police":1}},"DataVersion":2975}