{"stats":{"minecraft:crafted":{"minecraft:crafting_table":1,"minecraft:stone":7,"minecraft:air":87},"minecraft:mined":{"minecraft:gray_terracotta":2,"another_furniture:light_gray_sofa":2,"minecraft:gray_stained_glass":4,"embellishcraft:gneiss_large_bricks_wall":2,"rocks:rock":1,"minecraft:spawner":6,"minecraft:smooth_stone":3,"minecraft:birch_planks":1,"minecraft:fire":1,"minecraft:brown_bed":1,"embellishcraft:smooth_marble":2,"minecraft:bookshelf":6,"create:vertical_framed_glass_pane":5,"minecraft:coal_ore":4,"quark:oak_hedge":2,"biomesoplenty:redwood_log":21,"minecraft:smooth_quartz":1,"pfm:oak_gray_simple_bed":1,"minecraft:stone_bricks":6,"minecraft:stone":13,"minecraft:fern":1},"minecraft:broken":{"minecraft:wooden_axe":2},"minecraft:picked_up":{"biomesoplenty:redwood_log":373,"tac:round45":1,"tac:glock_18":1,"minecraft:wooden_pickaxe":2,"minecraft:brown_bed":1,"refinedstorage:controller":1,"minecraft:gunpowder":27,"apocalypsenow:construction_chestplate":1,"minecraft:string":2,"farmersdelight:shepherds_pie_block":1,"embellishcraft:gneiss_large_bricks_wall":2,"pfm:oak_gray_simple_bed":1,"minecraft:stone_bricks":6,"minecraft:gray_terracotta":2,"apocalypsenow:human_flesh":1,"minecraft:smooth_stone":3,"tac:9mm_round":2,"minecraft:glass_bottle":3,"minecraft:book":18,"minecraft:stick":22,"minecraft:stone":7,"embellishcraft:smooth_marble":2,"refinedstorage:4k_storage_part":1,"tac:b_magnum":4,"quark:oak_hedge":4,"minecraft:gold_ingot":17,"biomesoplenty:redwood_sapling":22,"quark:gray_shard":12,"minecraft:coal":11,"rocks:cobblestone_splitter":1,"minecraft:cobblestone":13},"minecraft:custom":{"minecraft:interact_with_furnace":7,"lootr:looted_stat":6,"minecraft:mob_kills":13,"minecraft:interact_with_crafting_table":3,"minecraft:time_since_death":0,"minecraft:sleep_in_bed":7,"minecraft:climb_one_cm":10177,"minecraft:time_since_rest":15186,"minecraft:sprint_one_cm":16814,"minecraft:damage_taken":1565,"minecraft:walk_one_cm":167921,"minecraft:drop":13,"minecraft:damage_dealt":2548,"minecraft:swim_one_cm":410,"minecraft:fly_one_cm":19986,"minecraft:freezer_opened":1,"minecraft:crouch_one_cm":6207,"minecraft:play_time":143689,"minecraft:deaths":7,"minecraft:sneak_time":2251,"minecraft:walk_under_water_one_cm":557,"minecraft:interact_with_brewingstand":1,"minecraft:jump":390,"minecraft:walk_on_water_one_cm":3820,"minecraft:total_world_time":143689,"minecraft:fall_one_cm":8266},"minecraft:killed":{"minecraft:husk":1,"hordes:zombie_player":1,"minecraft:zombie":8},"minecraft:used":{"pfm:oak_gray_simple_bed":1,"biomesoplenty:redwood_planks":10,"minecraft:stone_pickaxe":24,"minecraft:wooden_pickaxe":20,"minecraft:stone":7,"minecraft:torch":3,"minecraft:crafting_table":3,"embellishcraft:smooth_marble":2,"minecraft:wooden_axe":6,"minecraft:stone_bricks":6,"minecraft:stone_axe":53,"minecraft:potion":10,"farmersdelight:shepherds_pie_block":1,"minecraft:smooth_stone":2,"minecraft:brown_bed":1},"minecraft:dropped":{"apocalypsenow:human_flesh":1,"quark:oak_hedge":4,"biomesoplenty:redwood_sapling":22,"minecraft:glass_bottle":5,"embellishcraft:gneiss_large_bricks_wall":2,"refinedstorage:controller":1,"quark:gray_shard":7,"minecraft:leather_chestplate":1,"rocks:cobblestone_splitter":1,"minecraft:wooden_pickaxe":3},"minecraft:killed_by":{"minecraft:zombie":1,"undead_revamp2:thesmoker":1}},"DataVersion":2975}