{"stats":{"minecraft:crafted":{"sophisticatedbackpacks:backpack":1,"minecraft:leather_leggings":1,"minecraft:crafting_table":3,"biomesoplenty:redwood_planks":32,"minecraft:iron_sword":1,"minecraft:stone_axe":1,"minecraft:air":198,"minecraft:leather":31,"minecraft:charcoal":1,"minecraft:stick":16,"minecraft:iron_pickaxe":2,"minecraft:stone_pickaxe":1,"minecraft:chest":1},"minecraft:mined":{"minecraft:birch_stairs":1,"minecraft:spruce_planks":1,"embellishcraft:air_duct":2,"minecraft:cyan_terracotta":6,"minecraft:crafting_table":2,"minecraft:grass_block":1,"minecraft:gray_stained_glass":6,"embellishcraft:polished_marble":3,"quark:gray_framed_glass":2,"minecraft:cobblestone":1,"minecraft:iron_door":1,"minecraft:spawner":3,"embellishcraft:smooth_basalt":4,"minecraft:birch_planks":9,"minecraft:furnace":2,"minecraft:fire":3,"quark:gunpowder_sack":2,"minecraft:anvil":1,"minecraft:gold_block":4,"minecraft:grass":1,"minecraft:oak_log":2,"create:vertical_framed_glass_pane":3,"biomesoplenty:redwood_log":19,"biomesoplenty:redwood_leaves":54,"minecraft:iron_bars":3,"minecraft:smooth_quartz":1,"minecraft:sand":3,"minecraft:dirt":16,"pfm:oak_gray_simple_bed":2,"minecraft:smooth_quartz_stairs":1,"minecraft:stone":22,"minecraft:iron_block":13,"cfm:cyan_kitchen_counter":1,"quark:oak_vertical_slab":1,"minecraft:oak_leaves":8,"minecraft:emerald_block":3},"minecraft:broken":{"apocalypsenow:u_sarmy_chestplate":1},"minecraft:picked_up":{"biomesoplenty:redwood_log":20,"tac:round45":12,"minecraft:crafting_table":2,"minecraft:iron_door":1,"minecraft:anvil":1,"minecraft:leather_leggings":1,"minecraft:birch_planks":9,"minecraft:gold_block":4,"minecraft:oak_log":2,"quark:gunpowder_sack":2,"embellishcraft:polished_marble":3,"minecraft:string":56,"minecraft:dirt":17,"pfm:oak_gray_simple_bed":2,"minecraft:bone":80,"minecraft:wheat_seeds":1,"apocalypsenow:human_flesh":6,"embellishcraft:smooth_basalt":3,"minecraft:spruce_planks":1,"apocalypsenow:money":1,"minecraft:iron_ingot":1,"another_furniture:light_gray_sofa":2,"apocalypsenow:fire_figther_helmet":1,"minecraft:smooth_quartz":1,"tac:9mm_round":23,"minecraft:smooth_quartz_stairs":1,"minecraft:furnace":2,"cfm:cyan_kitchen_counter":1,"minecraft:stick":7,"apocalypsenow:u_sarmy_chestplate":1,"minecraft:emerald_block":3,"minecraft:torch":2,"quark:oak_vertical_slab":2,"minecraft:birch_stairs":1,"apocalypsenow:police_leggings":1,"minecraft:sand":3,"minecraft:carrot":2,"minecraft:rotten_flesh":66,"minecraft:iron_block":10,"minecraft:cyan_terracotta":3,"minecraft:emerald":5,"embellishcraft:air_duct":2,"quark:gray_shard":17,"minecraft:iron_bars":9,"cfm:gray_picket_fence":1,"quark:gray_framed_glass":2,"minecraft:cobblestone":22},"minecraft:custom":{"lootr:looted_stat":21,"minecraft:interact_with_furnace":19,"minecraft:mob_kills":52,"minecraft:interact_with_crafting_table":21,"minecraft:stove_opened":1,"minecraft:time_since_death":171,"minecraft:sleep_in_bed":2,"minecraft:climb_one_cm":39878,"minecraft:cabinet_searched":3,"minecraft:time_since_rest":267,"minecraft:sprint_one_cm":116032,"minecraft:damage_taken":7155,"minecraft:walk_one_cm":570628,"minecraft:fridge_opened":3,"minecraft:drop":10,"minecraft:damage_dealt":12284,"minecraft:chair_used":1,"minecraft:swim_one_cm":722,"minecraft:talked_to_villager":2,"minecraft:fly_one_cm":83820,"minecraft:crouch_one_cm":21106,"minecraft:play_time":143745,"minecraft:deaths":23,"minecraft:sneak_time":9874,"minecraft:walk_under_water_one_cm":3003,"minecraft:jump":936,"minecraft:walk_on_water_one_cm":6160,"minecraft:total_world_time":143745,"minecraft:fall_one_cm":42446},"minecraft:killed":{"zombie_extreme:crawler":1,"minecraft:husk":7,"undead_revamp2:the_moonflower":1,"minecraft:bat":1,"minecraft:zombie":42,"zombie_extreme:infected_police":2},"minecraft:used":{"pfm:oak_gray_simple_bed":1,"apocalypsenow:vodka":2,"minecraft:iron_bars":5,"minecraft:stone_sword":31,"minecraft:flint_and_steel":7,"minecraft:stone_pickaxe":44,"minecraft:wooden_pickaxe":7,"minecraft:iron_sword":100,"farmersdelight:melon_juice":5,"minecraft:torch":19,"minecraft:dirt":13,"apocalypsenow:apple_juice":4,"minecraft:crafting_table":7,"apocalypsenow:fire_figther_helmet":1,"another_furniture:light_gray_sofa":2,"apocalypsenow:coffee":2,"minecraft:iron_pickaxe":26,"minecraft:stone_axe":16,"apocalypsenow:dagger":169,"minecraft:wooden_sword":71,"minecraft:potion":3,"minecraft:cobblestone":4,"minecraft:furnace":2},"minecraft:dropped":{"farmersdelight:melon_juice":2,"minecraft:emerald":10,"minecraft:iron_pickaxe":1,"minecraft:birch_stairs":1},"minecraft:killed_by":{"minecraft:husk":6,"undead_revamp2:the_moonflower":5,"minecraft:zombie":4,"minecraft:drowned":1,"zombie_extreme:infected_police":3}},"DataVersion":2975}