{"stats":{"minecraft:crafted":{"minecraft:crafting_table":3,"minecraft:wooden_pickaxe":2,"minecraft:cooked_mutton":2,"minecraft:air":120,"minecraft:leather":22,"minecraft:stick":8,"apocalypsenow:cooked_human_flesh":2,"minecraft:chest":1,"minecraft:white_bed":2},"minecraft:mined":{"minecraft:white_bed":1,"minecraft:cyan_terracotta":1,"embellishcraft:light_gray_couch":1,"minecraft:gray_stained_glass_pane":2,"minecraft:crafting_table":2,"minecraft:torch":4,"minecraft:grass_block":4,"minecraft:gray_stained_glass":2,"embellishcraft:polished_marble":3,"minecraft:iron_door":12,"minecraft:wall_torch":6,"minecraft:spawner":19,"minecraft:fire":1,"minecraft:anvil":1,"create:vertical_framed_glass_pane":2,"biomesoplenty:redwood_log":19,"biomesoplenty:redwood_leaves":2,"minecraft:dirt":2,"pfm:oak_gray_simple_bed":1,"minecraft:cobweb":2,"minecraft:oak_leaves":3},"minecraft:picked_up":{"biomesoplenty:redwood_log":19,"tac:round45":15,"minecraft:crafting_table":3,"minecraft:leather_chestplate":1,"minecraft:feather":4,"minecraft:chicken":2,"tac:glock_17":2,"minecraft:iron_door":11,"minecraft:anvil":3,"immersiveengineering:plate_duroplast":7,"minecraft:leather":2,"minecraft:wooden_pickaxe":3,"apocalypsenow:u_sarmy_helmet":1,"minecraft:potion":8,"contenttweaker:rubber":6,"embellishcraft:polished_marble":3,"create:bar_of_chocolate":18,"minecraft:gunpowder":128,"artifacts:cloud_in_a_bottle":3,"apocalypsenow:construction_chestplate":2,"minecraft:lapis_lazuli":20,"minecraft:dirt":6,"minecraft:string":85,"cgm:grenade":8,"minecraft:flint_and_steel":2,"pfm:oak_gray_simple_bed":1,"minecraft:bone":112,"apocalypsenow:human_flesh":10,"apocalypsenow:money":55,"minecraft:iron_ingot":9,"apocalypsenow:fire_figther_helmet":1,"minecraft:glowstone_dust":11,"tac:9mm_round":38,"apocalypsenow:police_helmet":2,"tac:ae50":78,"apocalypsenow:grape_juice":5,"firstaid:plaster":6,"minecraft:stick":2,"apocalypsenow:u_sarmy_chestplate":1,"patchouli:guide_book":1,"tac:m4":2,"apocalypsenow:tatical_mace":2,"chalk:red_chalk":1,"minecraft:torch":42,"sophisticatedbackpacks:backpack":2,"apocalypsenow:police_leggings":2,"apocalypsenow:vodka":3,"minecraft:white_bed":1,"chalk:blue_chalk":1,"tac:b_magnum":12,"apocalypsenow:fire_figther_leggings":1,"tac:mp7":2,"biomesoplenty:redwood_planks":178,"minecraft:rotten_flesh":79,"minecraft:cyan_terracotta":1,"apocalypsenow:police_chestplate":2,"farmersdelight:beef_stew":1,"minecraft:bread":16,"apocalypsenow:police_boots":3,"biomesoplenty:redwood_sapling":2,"quark:gray_shard":7,"apocalypsenow:construction_helmet":1,"minecraft:white_wool":5,"embellishcraft:light_gray_couch":1},"minecraft:custom":{"lootr:looted_stat":27,"minecraft:interact_with_furnace":13,"minecraft:mob_kills":113,"minecraft:interact_with_crafting_table":7,"minecraft:microwave_used":1,"minecraft:stove_opened":9,"minecraft:leave_game":1,"minecraft:time_since_death":14586,"minecraft:sleep_in_bed":2,"minecraft:climb_one_cm":67646,"minecraft:cabinet_searched":4,"minecraft:time_since_rest":0,"minecraft:sprint_one_cm":226484,"minecraft:damage_taken":3782,"minecraft:walk_one_cm":392951,"minecraft:fridge_opened":7,"minecraft:drop":1,"minecraft:damage_dealt":8835,"minecraft:damage_dealt_absorbed":121,"minecraft:swim_one_cm":448,"minecraft:fly_one_cm":134079,"minecraft:freezer_opened":2,"minecraft:crouch_one_cm":9047,"minecraft:play_time":136956,"minecraft:deaths":12,"minecraft:sneak_time":2603,"minecraft:walk_under_water_one_cm":132,"minecraft:jump":898,"minecraft:walk_on_water_one_cm":1962,"minecraft:total_world_time":136956,"minecraft:fall_one_cm":26065},"minecraft:killed":{"minecraft:husk":7,"hordes:zombie_player":2,"minecraft:zombie_villager":1,"minecraft:zombie":44,"minecraft:chicken":1,"zombie_extreme:infected_police":1},"minecraft:used":{"pfm:oak_gray_simple_bed":1,"apocalypsenow:vodka":1,"minecraft:flint_and_steel":1,"biomesoplenty:redwood_planks":13,"biomesoplenty:redwood_sapling":2,"minecraft:wooden_pickaxe":54,"minecraft:torch":38,"apocalypsenow:grape_juice":3,"minecraft:crafting_table":4,"farmersdelight:fish_stew":2,"minecraft:white_bed":3,"apocalypsenow:coke":9,"apocalypsenow:tatical_mace":46,"minecraft:bread":4,"apocalypsenow:baseball_bat":14,"cgm:grenade":2,"minecraft:iron_door":1,"minecraft:potion":6,"apocalypsenow:porpsi":3,"apocalypsenow:combat_knife":238,"farmersdelight:beef_stew":1},"minecraft:dropped":{"artifacts:cloud_in_a_bottle":1},"minecraft:killed_by":{"minecraft:player":1,"undead_revamp2:the_moonflower":3,"minecraft:zombie":4,"hordes:zombie_player":4}},"DataVersion":2975}