{"stats":{"minecraft:killed_by":{"undead_revamp2:the_moonflower":4,"minecraft:zombie":7,"undead_revamp2:thesmoker":1,"minecraft:husk":2,"zombie_extreme:infected_police":1},"minecraft:broken":{"minecraft:iron_shovel":1,"create_sa:copper_shovel":2,"minecraft:wooden_sword":1,"minecraft:iron_sword":1,"minecraft:wooden_axe":2,"minecraft:leather_helmet":1,"create_sa:copper_pickaxe":5,"apocalypsenow:heavy_machete":1,"create_sa:copper_sword":1,"apocalypsenow:u_sarmy_leggings":1,"minecraft:iron_pickaxe":2,"apocalypsenow:u_sarmy_helmet":1},"minecraft:crafted":{"immersiveengineering:hammer":2,"minecraft:rotten_flesh":1,"apocalypsenow:construction_leggings":3,"apocalypsenow:construction_chestplate":2,"quark:golden_apple_crate":2,"immersiveengineering:ingot_lead":5,"minecraft:chest":3,"immersiveengineering:ingot_steel":12,"immersiveengineering:plate_steel":3,"immersiveengineering:ingot_aluminum":6,"apocalypsenow:welding_mask_helmet":1,"sophisticatedbackpacks:backpack":1,"minecraft:diamond_axe":1,"minecraft:crafting_table":16,"apocalypsenow:medicalkit":8,"minecraft:chainmail_chestplate":1,"apocalypsenow:u_sarmy_leggings":3,"minecraft:copper_ingot":86,"apocalypsenow:construction_boots":3,"apocalypsenow:heavy_machete":1,"minecraft:string":8,"minecraft:iron_chestplate":1,"minecraft:charcoal":12,"minecraft:shield":1,"minecraft:stick":52,"minecraft:iron_ingot":40,"minecraft:iron_pickaxe":3,"minecraft:iron_block":1,"minecraft:gold_ingot":22,"minecraft:shears":1,"tac:workbench":1,"apocalypsenow:canned_fish":1,"minecraft:wooden_sword":1,"minecraft:furnace":4,"minecraft:blast_furnace":1,"create:iron_sheet":2,"firstaid:plaster":1,"minecraft:leather":38,"immersiveengineering:wirecutter":1,"minecraft:stone_pickaxe":2,"create_sa:copper_pickaxe":7,"apocalypsenow:fire_figther_leggings":1,"sophisticatedbackpacks:iron_backpack":1,"create:bar_of_chocolate":1,"farmersdelight:hamburger":1,"biomesoplenty:redwood_planks":20,"biomesoplenty:redwood_fence":3,"minecraft:iron_sword":2,"apocalypsenow:machete":1,"immersiveengineering:nugget_aluminum":16,"minecraft:leather_helmet":1,"sophisticatedbackpacks:gold_backpack":1,"apocalypsenow:fire_figther_boots":1,"minecraft:bread":1,"minecraft:air":1002,"apocalypsenow:construction_helmet":2,"minecraft:potion":18,"minecraft:white_wool":26,"minecraft:golden_apple":18,"minecraft:gold_nugget":18,"minecraft:wooden_axe":4,"minecraft:iron_shovel":1,"firstaid:bandage":1,"create_sa:copper_sword":1,"minecraft:white_bed":4,"create:zinc_ingot":7},"minecraft:killed":{"undead_revamp2:thesmoker":28,"zombiemobs:zombie_panda":1,"zombiemobs:zombie_dolphin":1,"undead_revamp2:thepregnant":4,"minecraft:zombie_villager":1,"hordes:drowned_player":1,"minecraft:zombie":330,"alexsmobs:terrapin":2,"zombie_extreme:infected_police":7,"minecraft:glow_squid":1,"hordes:zombie_player":3,"zombiemobs:zombie_sheep":1,"undead_revamp2:bomber":9,"minecraft:drowned":7,"zombie_extreme:runner":7,"zombiemobs:zombie_cow":1,"zombie_extreme:crawler":5,"minecraft:husk":49,"crittersandcompanions:ferret":1,"undead_revamp2:the_moonflower":15,"minecraft:bat":2,"alexsmobs:cockroach":1,"zombiemobs:zombie_goat":2},"minecraft:used":{"apocalypsenow:hand_axe":191,"minecraft:iron_shovel":251,"minecraft:chest":6,"minecraft:shield":10,"minecraft:iron_sword":358,"create_sa:copper_pickaxe":864,"biomesoplenty:redwood_fence":3,"minecraft:carrot":1,"quark:limestone":8,"embellishcraft:smooth_marble":3,"farmersdelight:fried_rice":2,"minecraft:quartz_block":6,"farmersdelight:melon_popsicle":6,"apocalypsenow:heavy_machete":762,"embellishcraft:white_spruce_fancy_bed":1,"apocalypsenow:emergency_axe":19,"minecraft:furnace":18,"minecraft:potato":3,"farmersdelight:hamburger":2,"farmersdelight:beef_stew":1,"minecraft:diorite":1,"apocalypsenow:energy_drink":3,"minecraft:stone_pickaxe":68,"minecraft:oak_planks":15,"minecraft:wooden_pickaxe":31,"minecraft:diamond_axe":663,"minecraft:golden_apple":2,"apocalypsenow:whisky":1,"minecraft:blast_furnace":1,"minecraft:shears":222,"apocalypsenow:coke":4,"minecraft:bread":9,"create_sa:copper_sword":122,"minecraft:gravel":6,"minecraft:wooden_sword":59,"create_sa:copper_shovel":328,"pfm:oak_gray_simple_bed":1,"biomesoplenty:redwood_door":2,"biomesoplenty:redwood_planks":103,"minecraft:torch":164,"minecraft:dirt":42,"apocalypsenow:grape_juice":4,"biomesoplenty:redwood_log":2,"minecraft:wooden_axe":47,"minecraft:smooth_basalt":4,"minecraft:light_gray_wool":5,"apocalypsenow:porpsi":3,"minecraft:cobbled_deepslate":3,"minecraft:enchanted_golden_apple":1,"minecraft:brown_bed":3,"apocalypsenow:hawkbill_machete":296,"minecraft:wheat_seeds":1,"tac:workbench":2,"minecraft:glass_bottle":12,"minecraft:cobblestone_slab":1,"minecraft:crafting_table":26,"minecraft:white_bed":4,"minecraft:gray_terracotta":33,"minecraft:apple":1,"minecraft:iron_pickaxe":642,"minecraft:potion":69,"minecraft:cobblestone":469,"farmersdelight:egg_sandwich":3,"farmersdelight:fruit_salad":3,"minecraft:smooth_stone":16,"immersiveengineering:wirecutter":2},"minecraft:picked_up":{"quark:carrot_crate":2,"minecraft:iron_chestplate":1,"minecraft:wheat":2,"minecraft:anvil":1,"apocalypsenow:bloodybandages":19,"minecraft:stone_slab":1,"minecraft:brown_bed":3,"minecraft:potion":29,"refinedstorage:controller":1,"minecraft:string":623,"create:limestone":20,"minecraft:raw_copper":106,"minecraft:smooth_stone_slab":1,"pfm:oak_gray_simple_bed":1,"immersiveengineering:raw_lead":5,"minecraft:cobbled_deepslate":31,"minecraft:smooth_stone":24,"minecraft:cobblestone_slab":2,"minecraft:calcite":5,"apocalypsenow:emergency_axe":1,"minecraft:iron_pickaxe":1,"minecraft:coal_block":4,"minecraft:furnace":14,"minecraft:stick":31,"artifacts:universal_attractor":1,"embellishcraft:smooth_marble":20,"farmersdelight:rotten_tomato":2,"minecraft:torch":77,"minecraft:spruce_stairs":2,"tac:mp9":2,"minecraft:diorite":102,"quark:potato_crate":4,"minecraft:green_terracotta":10,"apocalypsenow:fire_figther_leggings":3,"quark:spruce_vertical_slab":1,"minecraft:quartz_block":38,"minecraft:rotten_flesh":470,"farmersdelight:onion":6,"cfm:gray_kitchen_counter":5,"minecraft:iron_block":5,"minecraft:cyan_terracotta":10,"minecraft:cobblestone":630,"apocalypsenow:money_block":7,"tac:workbench":1,"apocalypsenow:u_sarmy_boots":3,"tac:round45":115,"quark:calcite_bricks_vertical_slab":1,"minecraft:birch_slab":1,"minecraft:andesite":92,"minecraft:potato":12,"biomesoplenty:redwood_door":2,"minecraft:flint":4,"create:raw_zinc":37,"embellishcraft:polished_marble_stairs":1,"artifacts:flame_pendant":1,"apocalypsenow:construction_chestplate":3,"farmersdelight:tomato":28,"minecraft:lapis_lazuli":55,"minecraft:dirt":591,"minecraft:gray_concrete_powder":1,"minecraft:bone":612,"minecraft:gray_terracotta":48,"apocalypsenow:human_flesh":8,"minecraft:wheat_seeds":3,"minecraft:raw_gold":21,"apocalypsenow:heavy_machete":1,"create_sa:copper_pickaxe":1,"tac:9mm_round":166,"minecraft:moss_block":1,"quark:apple_crate":1,"firstaid:plaster":8,"quark:smooth_stone_vertical_slab":1,"create_sa:copper_sword":1,"apocalypsenow:chips":4,"immersiveengineering:raw_aluminum":8,"minecraft:stripped_spruce_log":1,"cfm:oak_hedge":1,"sophisticatedbackpacks:iron_backpack":3,"create:polished_cut_limestone":1,"minecraft:diamond":7,"minecraft:granite":10,"minecraft:golden_apple":8,"minecraft:bread":6,"immersiveengineering:raw_nickel":1,"apocalypsenow:construction_helmet":7,"sophisticatedbackpacks:gold_backpack":2,"biomesoplenty:redwood_log":311,"minecraft:charcoal":12,"minecraft:crafting_table":13,"cfm:stone_chair":1,"apocalypsenow:fire_figther_boots":2,"minecraft:leather_leggings":1,"tac:sti2011":1,"minecraft:gold_block":3,"apocalypsenow:u_sarmy_helmet":2,"minecraft:shield":1,"minecraft:heavy_weighted_pressure_plate":11,"minecraft:flint_and_steel":1,"minecraft:quartz_slab":9,"apocalypsenow:medicalkit":4,"embellishcraft:smooth_basalt":3,"apocalypsenow:construction_boots":4,"embellishcraft:sturdy_steel_door":1,"minecraft:light_gray_wool":416,"minecraft:egg":3,"quark:golden_apple_crate":1,"minecraft:raw_iron":40,"minecraft:copper_ingot":11,"minecraft:stone_button":2,"minecraft:carrot":5,"minecraft:redstone":76,"immersiveengineering:concrete":4,"tac:b_magnum":25,"create:zinc_ingot":7,"biomesoplenty:redwood_planks":128,"minecraft:shears":1,"embellishcraft:smooth_slate_stairs":1,"minecraft:gold_ingot":14,"biomesoplenty:redwood_sapling":33,"apocalypsenow:suturekit":5,"minecraft:white_wool":17,"apocalypsenow:fire_figther_chestplate":2,"minecraft:glow_ink_sac":2,"minecraft:birch_planks":1,"apocalypsenow:welding_mask_helmet":1,"minecraft:oak_log":8,"embellishcraft:polished_marble":1,"minecraft:gunpowder":9,"quark:limestone":9,"apocalypsenow:u_sarmy_leggings":7,"minecraft:stone_bricks":28,"apocalypsenow:construction_leggings":5,"minecraft:apple":3,"minecraft:gray_carpet":3,"embellishcraft:spruce_wooden_crate":1,"apocalypsenow:money":1,"apocalypsenow:red_bikers_helmet":1,"minecraft:iron_ingot":4,"embellishcraft:marble_cobblestone":2,"apocalypsenow:fire_figther_helmet":1,"minecraft:glass_bottle":7,"simplylight:illuminant_block":1,"sophisticatedbackpacks:diamond_backpack":1,"minecraft:iron_sword":3,"embellishcraft:white_spruce_fancy_bed":1,"tac:ae50":60,"minecraft:book":147,"quark:light_gray_shard":37,"minecraft:smooth_basalt":4,"quark:oak_vertical_slab":4,"minecraft:gravel":26,"minecraft:birch_stairs":1,"minecraft:amethyst_shard":14,"quark:lavender_blossom_hedge":1,"minecraft:slime_ball":1,"immersiveengineering:seed":1,"xpbook:xp_tome":4,"minecraft:iron_helmet":1,"minecraft:diamond_axe":2,"farmersdelight:barbecue_stick":1,"quark:gray_shard":44,"minecraft:smooth_quartz_slab":2,"minecraft:coal":32,"immersiveengineering:raw_silver":13},"minecraft:dropped":{"sophisticatedbackpacks:iron_backpack":2,"minecraft:iron_sword":1,"minecraft:diamond_axe":1,"minecraft:diamond":4,"minecraft:crafting_table":1,"xpbook:xp_tome":1,"artifacts:universal_attractor":1,"quark:light_gray_shard":6,"biomesoplenty:redwood_log":70,"quark:golden_apple_crate":1,"apocalypsenow:construction_helmet":3,"apocalypsenow:chips":4,"minecraft:iron_pickaxe":1,"minecraft:gold_ingot":8,"farmersdelight:barbecue_stick":1,"apocalypsenow:royal_canada_police_officer_leggings":1,"sophisticatedbackpacks:diamond_backpack":1,"minecraft:heavy_weighted_pressure_plate":2,"apocalypsenow:heavy_machete":1,"apocalypsenow:human_flesh":2,"minecraft:egg":3,"minecraft:iron_ingot":8,"minecraft:copper_ingot":11,"minecraft:golden_apple":1,"apocalypsenow:fire_figther_chestplate":2,"minecraft:potion":9,"tac:sti2011":1,"tac:mp9":1,"minecraft:string":8,"refinedstorage:controller":1,"biomesoplenty:redwood_planks":14,"minecraft:flint_and_steel":1,"minecraft:gray_terracotta":1,"firstaid:plaster":9},"minecraft:custom":{"lootr:looted_stat":50,"minecraft:interact_with_crafting_table":112,"minecraft:open_barrel":5,"minecraft:microwave_used":1,"minecraft:bell_ring":9,"minecraft:leave_game":10,"minecraft:time_since_death":9729,"minecraft:damage_resisted":39,"minecraft:sprint_one_cm":533801,"minecraft:damage_blocked_by_shield":224,"minecraft:drop":58,"minecraft:use_bathtub":1,"minecraft:talked_to_villager":6,"minecraft:play_time":544533,"minecraft:deaths":18,"minecraft:jump":3060,"minecraft:interact_with_brewingstand":2,"minecraft:walk_on_water_one_cm":81967,"minecraft:interact_with_furnace":145,"minecraft:traded_with_villager":25,"minecraft:stove_opened":12,"minecraft:sleep_in_bed":8,"minecraft:damage_dealt":99334,"minecraft:player_kills":1,"minecraft:crouch_one_cm":60226,"minecraft:mob_kills":477,"minecraft:damage_dealt_resisted":4763,"minecraft:climb_one_cm":82613,"minecraft:walk_one_cm":2163531,"minecraft:fridge_opened":17,"minecraft:damage_dealt_absorbed":161,"minecraft:sneak_time":23216,"minecraft:walk_under_water_one_cm":20414,"minecraft:interact_with_blast_furnace":2,"minecraft:total_world_time":544533,"minecraft:toilet_used":18,"minecraft:tune_noteblock":3,"minecraft:trashcan_opened":1,"minecraft:interact_with_stonecutter":1,"minecraft:cabinet_searched":3,"minecraft:time_since_rest":9801,"minecraft:damage_taken":7153,"minecraft:swim_one_cm":13203,"minecraft:fly_one_cm":341691,"minecraft:freezer_opened":8,"minecraft:open_chest":28,"minecraft:fall_one_cm":56847},"minecraft:mined":{"create:deepslate_zinc_ore":26,"embellishcraft:sturdy_steel_door":1,"embellishcraft:light_gray_couch":1,"embellishcraft:spruce_wooden_crate":4,"farmersdelight:tomato_crate":1,"create:horizontal_framed_glass":1,"minecraft:granite":10,"minecraft:grass_block":75,"minecraft:coal_block":4,"minecraft:spawner":33,"embellishcraft:smooth_basalt":2,"minecraft:smooth_stone":27,"quark:limestone_wall":2,"create:vertical_framed_glass":13,"minecraft:iron_ore":15,"minecraft:cobbled_deepslate":1,"minecraft:fire":1,"immersiveengineering:deepslate_ore_silver":13,"quark:golden_apple_crate":1,"minecraft:deepslate_lapis_ore":3,"minecraft:anvil":1,"immersiveengineering:deepslate_ore_nickel":1,"biomesoplenty:redwood_door":2,"minecraft:brown_bed":3,"biomesoplenty:redwood_log":23,"create:polished_cut_limestone":1,"minecraft:small_amethyst_bud":1,"minecraft:quartz_slab":11,"quark:limestone":8,"immersiveengineering:ore_lead":2,"minecraft:iron_block":5,"create:dark_oak_window_pane":5,"create:limestone":20,"quark:potato_crate":4,"minecraft:deepslate_redstone_ore":17,"minecraft:gray_terracotta":52,"minecraft:quartz_block":19,"minecraft:cyan_terracotta":10,"cfm:oak_hedge":1,"minecraft:amethyst_cluster":7,"apocalypsenow:money_block":7,"minecraft:torch":12,"minecraft:calcite":11,"create:framed_glass":2,"embellishcraft:smooth_slate_stairs":1,"embellishcraft:polished_marble":1,"minecraft:smooth_quartz_slab":3,"minecraft:cobblestone":45,"quark:limestone_slab":1,"minecraft:sugar_cane":2,"tac:workbench":1,"minecraft:wall_torch":14,"minecraft:amethyst_block":10,"minecraft:deepslate_copper_ore":3,"create:polished_cut_limestone_slab":4,"minecraft:light_gray_stained_glass":8,"immersiveengineering:deepslate_ore_lead":3,"quark:spruce_vertical_slab":2,"minecraft:light_gray_wool":233,"minecraft:tnt":3,"minecraft:smooth_stone_slab":3,"minecraft:grass":1,"cfm:gray_kitchen_counter":8,"minecraft:oak_log":8,"minecraft:smooth_quartz":9,"quark:stone_vertical_slab":1,"minecraft:dirt":553,"pfm:oak_gray_simple_bed":1,"minecraft:smooth_basalt":4,"simplylight:illuminant_block":1,"quark:oak_vertical_slab":3,"minecraft:oak_leaves":43,"minecraft:deepslate":48,"create:zinc_ore":11,"quark:smooth_quartz_vertical_slab":2,"minecraft:tuff":1,"minecraft:deepslate_diamond_ore":3,"minecraft:cyan_stained_glass":2,"minecraft:gray_stained_glass_pane":4,"minecraft:stone_button":1,"minecraft:birch_slab":1,"minecraft:spruce_leaves":1,"minecraft:moss_block":2,"immersivepetroleum:asphalt":2,"minecraft:furnace":14,"cfm:stone_chair":2,"minecraft:green_terracotta":10,"minecraft:andesite":102,"minecraft:stripped_spruce_log":1,"minecraft:gold_block":3,"minecraft:bookshelf":37,"minecraft:deepslate_iron_ore":25,"minecraft:cobblestone_slab":3,"minecraft:stone":624,"minecraft:white_wool":2,"immersiveengineering:ore_aluminum":8,"embellishcraft:polished_marble_stairs":1,"minecraft:birch_stairs":1,"biomesoplenty:redwood_planks":26,"quark:smooth_stone_vertical_slab":1,"embellishcraft:marble":2,"minecraft:crafting_table":12,"minecraft:gray_stained_glass":16,"minecraft:stone_slab":1,"minecraft:copper_ore":31,"minecraft:deepslate_gold_ore":21,"minecraft:lapis_ore":6,"minecraft:diorite":103,"immersiveengineering:concrete":4,"minecraft:spruce_stairs":2,"quark:carrot_crate":3,"minecraft:birch_planks":1,"minecraft:gray_concrete_powder":1,"quark:apple_crate":1,"embellishcraft:smooth_marble":23,"minecraft:coal_ore":28,"biomesoplenty:redwood_leaves":90,"minecraft:gravel":27,"minecraft:gray_carpet":3,"minecraft:cobweb":28,"quark:calcite_bricks_vertical_slab":1,"minecraft:stone_bricks":29,"minecraft:mossy_stone_bricks":1}},"DataVersion":2975}