{"stats":{"minecraft:killed_by":{"undead_revamp2:the_moonflower":7,"zombie_extreme:runner":1,"minecraft:zombie":14,"minecraft:husk":2,"minecraft:player":1,"hordes:zombie_player":2},"minecraft:broken":{"apocalypsenow:construction_boots":1,"apocalypsenow:police_helmet":1,"minecraft:shears":1,"apocalypsenow:tatical_mace":1,"minecraft:wooden_pickaxe":1,"minecraft:diamond_axe":2,"apocalypsenow:fire_figther_helmet":1,"minecraft:iron_pickaxe":1},"minecraft:crafted":{"minecraft:cooked_chicken":7,"minecraft:cooked_mutton":14,"minecraft:chest":1,"minecraft:birch_button":2,"minecraft:diamond_axe":3,"minecraft:crafting_table":8,"minecraft:baked_potato":6,"apocalypsenow:medicalkit":8,"minecraft:light_gray_bed":1,"minecraft:charcoal":25,"minecraft:shield":1,"sophisticatedbackpacks:diamond_backpack":1,"minecraft:stick":4,"minecraft:iron_pickaxe":1,"minecraft:gold_ingot":18,"minecraft:shears":2,"firstaid:plaster":16,"minecraft:iron_axe":1,"tac:round45":64,"tac:58x42":48,"biomesoplenty:redwood_planks":16,"minecraft:iron_sword":1,"minecraft:air":713,"minecraft:white_wool":44,"minecraft:golden_apple":9,"minecraft:gold_nugget":9,"apocalypsenow:cooked_human_flesh":1},"minecraft:killed":{"undead_revamp2:thesmoker":30,"undead_revamp2:thepregnant":1,"undead_revamp2:theordure":1,"minecraft:zombie":367,"zombie_extreme:infected_police":10,"alexsmobs:fly":3,"hordes:zombie_player":2,"alexsmobs:raccoon":2,"undead_revamp2:bomber":1,"minecraft:drowned":1,"zombie_extreme:runner":8,"zombiemobs:zombie_cow":1,"zombie_extreme:crawler":5,"minecraft:husk":42,"undead_revamp2:the_moonflower":13},"minecraft:used":{"minecraft:moss_block":1,"minecraft:spruce_slab":1,"minecraft:chest":1,"farmersdelight:cabbage":5,"minecraft:iron_sword":17,"apocalypsenow:chips":2,"farmersdelight:melon_juice":12,"apocalypsenow:apple_juice":5,"minecraft:carrot":2,"embellishcraft:smooth_marble":6,"farmersdelight:fried_rice":1,"minecraft:quartz_block":2,"farmersdelight:melon_popsicle":1,"apocalypsenow:bayonet":6,"farmersdelight:shepherds_pie_block":1,"farmersdelight:beef_stew":3,"farmersdelight:hamburger":2,"minecraft:wooden_pickaxe":46,"minecraft:diamond_axe":2100,"minecraft:white_wool":1,"minecraft:golden_apple":1,"farmersdelight:chicken_sandwich":5,"minecraft:shears":323,"apocalypsenow:coke":20,"apocalypsenow:tatical_mace":627,"minecraft:bread":8,"minecraft:diamond_ore":5,"minecraft:iron_door":1,"minecraft:smooth_stone_slab":10,"embellishcraft:polished_marble":2,"minecraft:flint_and_steel":3,"biomesoplenty:redwood_planks":365,"minecraft:cooked_chicken":7,"quark:stone_vertical_slab":1,"minecraft:torch":33,"minecraft:dirt":9,"apocalypsenow:grape_juice":6,"minecraft:iron_block":1,"minecraft:iron_axe":10,"minecraft:smooth_quartz":1,"apocalypsenow:porpsi":2,"minecraft:light_gray_bed":2,"farmersdelight:roast_chicken_block":2,"minecraft:cooked_mutton":2,"minecraft:baked_potato":6,"farmersdelight:barbecue_stick":7,"farmersdelight:onion":26,"minecraft:crafting_table":8,"minecraft:white_bed":2,"minecraft:gray_terracotta":2,"farmersdelight:hot_cocoa":1,"farmersdelight:apple_cider":1,"minecraft:iron_pickaxe":327,"cgm:grenade":2,"minecraft:stone_slab":1,"minecraft:cobblestone":17,"minecraft:potion":69,"apocalypsenow:peach_juice":4,"minecraft:smooth_stone":4},"minecraft:picked_up":{"tac:mk23":2,"minecraft:wheat":1,"minecraft:stone_slab":12,"minecraft:potion":32,"refinedstorage:controller":1,"create:bar_of_chocolate":7,"embellishcraft:white_steel_door":1,"minecraft:string":436,"minecraft:smooth_stone_slab":10,"create:andesite_bars":1,"farmersdelight:fried_rice":1,"minecraft:smooth_stone":21,"minecraft:cobbled_deepslate":1,"farmersdelight:cabbage":5,"minecraft:iron_pickaxe":6,"minecraft:smooth_quartz":14,"minecraft:smooth_quartz_stairs":1,"minecraft:stick":52,"embellishcraft:smooth_marble":15,"tac:m4":2,"minecraft:torch":17,"apocalypsenow:plank":6,"minecraft:spruce_stairs":1,"minecraft:green_terracotta":1,"apocalypsenow:fire_figther_leggings":1,"farmersdelight:melon_popsicle":3,"minecraft:quartz_block":24,"minecraft:light_gray_bed":1,"minecraft:rotten_flesh":290,"embellishcraft:oak_terrace_chair":1,"farmersdelight:onion":11,"cfm:gray_kitchen_counter":3,"minecraft:iron_block":13,"minecraft:cyan_terracotta":7,"apocalypsenow:police_chestplate":2,"apocalypsenow:police_boots":2,"farmersdelight:melon_juice":8,"another_furniture:spruce_bench":1,"minecraft:cobblestone":30,"tac:round45":115,"minecraft:leather_chestplate":1,"minecraft:lilac":1,"apocalypsenow:peach_juice":4,"minecraft:iron_door":5,"minecraft:potato":17,"farmersdelight:roast_chicken_block":1,"apocalypsenow:construction_chestplate":9,"minecraft:dirt":43,"farmersdelight:chicken_sandwich":6,"minecraft:stripped_birch_log":2,"farmersdelight:shepherds_pie_block":1,"cgm:grenade":2,"minecraft:bone":358,"minecraft:gray_terracotta":11,"minecraft:wheat_seeds":3,"apocalypsenow:human_flesh":23,"farmersdelight:egg_sandwich":3,"tac:9mm_round":157,"apocalypsenow:police_helmet":2,"minecraft:moss_block":4,"minecraft:oak_planks":1,"another_furniture:spruce_table":1,"quark:light_gray_stool":2,"firstaid:plaster":13,"patchouli:guide_book":1,"apocalypsenow:tatical_mace":3,"apocalypsenow:chips":10,"minecraft:stripped_spruce_log":1,"sophisticatedbackpacks:iron_backpack":1,"apocalypsenow:coke":42,"embellishcraft:oak_terrace_table":2,"minecraft:diamond":9,"minecraft:golden_apple":1,"minecraft:bread":2,"minecraft:emerald":19,"create:framed_glass_door":2,"alexsmobs:maggot":4,"minecraft:oak_sapling":1,"apocalypsenow:construction_helmet":2,"embellishcraft:light_gray_couch":1,"biomesoplenty:redwood_log":385,"quark:stone_vertical_slab":8,"apocalypsenow:fire_figther_boots":4,"tac:sti2011":1,"minecraft:gold_block":2,"apocalypsenow:u_sarmy_helmet":2,"quark:gunpowder_sack":8,"minecraft:heavy_weighted_pressure_plate":1,"minecraft:iron_axe":1,"minecraft:flint_and_steel":4,"minecraft:quartz_slab":7,"embellishcraft:smooth_basalt":10,"apocalypsenow:construction_boots":3,"minecraft:light_gray_wool":313,"minecraft:spruce_slab":1,"minecraft:sugar_cane":4,"embellishcraft:oak_table":1,"quark:golden_apple_crate":1,"minecraft:sandstone":2,"sophisticatedbackpacks:backpack":1,"minecraft:carrot":3,"tac:b_magnum":24,"minecraft:tnt":2,"biomesoplenty:redwood_planks":120,"farmersdelight:hamburger":6,"minecraft:gold_ingot":18,"farmersdelight:beef_stew":2,"biomesoplenty:redwood_sapling":21,"firstaid:bandage":16,"minecraft:mutton":66,"apocalypsenow:fire_figther_chestplate":5,"minecraft:white_wool":3,"minecraft:leather":2,"minecraft:birch_planks":4,"embellishcraft:polished_marble":4,"minecraft:oak_log":5,"artifacts:cloud_in_a_bottle":4,"minecraft:gunpowder":4,"quark:limestone":2,"another_furniture:light_gray_curtain":1,"embellishcraft:gneiss_large_bricks_wall":2,"minecraft:cooked_mutton":2,"apocalypsenow:u_sarmy_leggings":4,"apocalypsenow:construction_leggings":9,"minecraft:stone_bricks":2,"quark:limestone_wall":2,"apocalypsenow:money":96,"minecraft:iron_ingot":30,"minecraft:cooked_chicken":1,"apocalypsenow:fire_figther_helmet":2,"minecraft:glass_bottle":4,"minecraft:iron_sword":2,"farmersdelight:hot_cocoa":8,"tac:ae50":37,"sophisticatedbackpacks:diamond_backpack":2,"quark:light_gray_shard":22,"minecraft:emerald_block":4,"quark:dark_oak_hedge":1,"apocalypsenow:police_leggings":1,"minecraft:white_bed":2,"immersiveengineering:seed":1,"xpbook:xp_tome":7,"quark:oak_hedge":1,"minecraft:iron_helmet":1,"minecraft:diamond_axe":2,"farmersdelight:barbecue_stick":12,"minecraft:baked_potato":6,"quark:gray_shard":82,"minecraft:smooth_quartz_slab":1,"minecraft:coal":42,"quark:gray_framed_glass":5},"minecraft:dropped":{"sophisticatedbackpacks:iron_backpack":1,"farmersdelight:hamburger":3,"apocalypsenow:police_leggings":1,"xpbook:xp_tome":2,"sophisticatedbackpacks:gold_backpack":1,"minecraft:mutton":33,"apocalypsenow:chips":6,"farmersdelight:egg_sandwich":3,"minecraft:white_wool":3,"minecraft:bone":22,"farmersdelight:barbecue_stick":7,"minecraft:cooked_chicken":1,"minecraft:rotten_flesh":12,"minecraft:cooked_mutton":11,"create:bar_of_chocolate":7,"minecraft:heavy_weighted_pressure_plate":1,"apocalypsenow:human_flesh":3,"minecraft:tnt":2,"minecraft:smooth_quartz_stairs":1,"minecraft:golden_apple":8,"apocalypsenow:tatical_mace":1,"minecraft:stick":14,"farmersdelight:melon_popsicle":3,"minecraft:torch":8,"minecraft:smooth_quartz_slab":1,"minecraft:iron_axe":1,"minecraft:smooth_stone":2,"minecraft:string":1,"farmersdelight:melon_juice":3,"sophisticatedbackpacks:backpack":1,"farmersdelight:chicken_sandwich":7,"minecraft:potato":12,"apocalypsenow:construction_chestplate":1,"apocalypsenow:coke":13,"minecraft:quartz_slab":1},"minecraft:custom":{"lootr:looted_stat":112,"minecraft:interact_with_crafting_table":35,"minecraft:open_barrel":5,"minecraft:leave_game":3,"minecraft:time_since_death":22516,"minecraft:sprint_one_cm":788059,"minecraft:drop":60,"minecraft:talked_to_villager":6,"minecraft:play_time":583749,"minecraft:deaths":34,"minecraft:jump":3245,"minecraft:walk_on_water_one_cm":20873,"minecraft:interact_with_furnace":30,"minecraft:traded_with_villager":20,"minecraft:stove_opened":12,"minecraft:sleep_in_bed":10,"minecraft:damage_dealt":100588,"minecraft:player_kills":1,"minecraft:crouch_one_cm":28561,"minecraft:mob_kills":632,"minecraft:interact_with_anvil":1,"minecraft:damage_dealt_resisted":9416,"minecraft:climb_one_cm":147179,"minecraft:walk_one_cm":2580783,"minecraft:fridge_opened":3,"minecraft:chair_used":1,"minecraft:damage_dealt_absorbed":83,"minecraft:sneak_time":21136,"minecraft:walk_under_water_one_cm":2582,"minecraft:drawer_searched":10,"minecraft:total_world_time":583749,"minecraft:toilet_used":2,"minecraft:trashcan_opened":1,"minecraft:cabinet_searched":4,"minecraft:time_since_rest":18380,"minecraft:damage_taken":13009,"minecraft:swim_one_cm":1809,"minecraft:fly_one_cm":530102,"minecraft:freezer_opened":5,"minecraft:open_chest":12,"minecraft:fall_one_cm":139096},"minecraft:mined":{"minecraft:white_bed":2,"embellishcraft:white_steel_door":1,"farmersdelight:roast_chicken_block":1,"minecraft:jungle_leaves":1,"minecraft:grass_block":15,"minecraft:light_gray_bed":1,"minecraft:spawner":39,"embellishcraft:smooth_basalt":11,"minecraft:smooth_stone":23,"biomesoplenty:redwood_log":4,"minecraft:quartz_slab":6,"quark:limestone":3,"minecraft:iron_block":10,"create:dark_oak_window_pane":11,"minecraft:spruce_slab":1,"create:andesite_bars":1,"minecraft:gray_terracotta":6,"minecraft:quartz_block":35,"minecraft:cyan_terracotta":9,"minecraft:torch":4,"embellishcraft:polished_marble":4,"minecraft:smooth_quartz_slab":1,"quark:gray_framed_glass":5,"minecraft:sugar_cane":2,"minecraft:oak_planks":1,"minecraft:iron_door":5,"minecraft:wall_torch":3,"quark:light_gray_stool":2,"minecraft:light_gray_stained_glass":4,"minecraft:wheat":1,"minecraft:lilac":1,"quark:gunpowder_sack":6,"minecraft:light_gray_wool":364,"minecraft:smooth_stone_slab":11,"minecraft:grass":32,"biomesoplenty:clover":4,"create:vertical_framed_glass_pane":5,"another_furniture:light_gray_curtain":1,"minecraft:dirt":12,"quark:stone_vertical_slab":7,"minecraft:smooth_quartz":8,"minecraft:oak_leaves":15,"minecraft:emerald_block":4,"minecraft:diamond_ore":5,"minecraft:dark_oak_leaves":2,"minecraft:stripped_birch_log":2,"minecraft:gray_stained_glass_pane":13,"minecraft:birch_slab":2,"another_furniture:spruce_bench":1,"minecraft:moss_block":4,"minecraft:sandstone":2,"minecraft:black_stained_glass_pane":10,"create:framed_glass_pane":2,"minecraft:green_terracotta":1,"minecraft:stripped_spruce_log":1,"minecraft:gold_block":2,"minecraft:potted_spruce_sapling":1,"minecraft:smooth_quartz_stairs":1,"minecraft:stone":30,"minecraft:white_wool":2,"apocalypsenow:planksc":2,"biomesoplenty:smooth_white_sandstone_stairs":1,"biomesoplenty:redwood_planks":92,"embellishcraft:oak_terrace_table":2,"minecraft:gray_stained_glass":23,"another_furniture:spruce_table":1,"minecraft:stone_slab":6,"minecraft:spruce_stairs":1,"minecraft:birch_planks":9,"farmersdelight:shepherds_pie_block":1,"embellishcraft:oak_table":1,"embellishcraft:smooth_marble":11,"quark:oak_hedge":1,"biomesoplenty:redwood_leaves":5,"quark:dark_oak_hedge":1,"minecraft:cobweb":72,"biomesoplenty:redwood_sapling":3,"minecraft:stone_bricks":2}},"DataVersion":2975}