{"stats":{"minecraft:killed_by":{"minecraft:husk":2,"minecraft:player":1,"undead_revamp2:the_moonflower":2,"zombie_extreme:runner":1,"hordes:zombie_player":1,"zombiemobs:zombie_dolphin":2,"zombie_extreme:infected_police":2,"minecraft:zombie":12,"undead_revamp2:thesmoker":2,"zombie_extreme:crawler":1},"minecraft:broken":{"apocalypsenow:police_boots":1,"apocalypsenow:police_helmet":1,"minecraft:shears":1,"apocalypsenow:mace":1,"apocalypsenow:u_sarmy_leggings":1,"minecraft:diamond_axe":1,"apocalypsenow:fire_figther_helmet":1,"minecraft:stone_axe":1,"minecraft:iron_pickaxe":1,"apocalypsenow:construction_helmet":1,"minecraft:wooden_axe":1,"apocalypsenow:combat_knife":1},"minecraft:crafted":{"firstaid:plaster":3,"minecraft:stone_pickaxe":1,"biomesoplenty:redwood_sign":3,"minecraft:diamond_axe":2,"biomesoplenty:redwood_door":3,"minecraft:crafting_table":5,"biomesoplenty:redwood_planks":24,"minecraft:wooden_pickaxe":2,"minecraft:golden_pickaxe":1,"minecraft:air":795,"minecraft:white_wool":12,"minecraft:stick":12,"minecraft:iron_pickaxe":2,"minecraft:wooden_axe":1,"firstaid:bandage":3,"minecraft:shears":2},"minecraft:killed":{"hordes:zombie_player":10,"undead_revamp2:thesmoker":16,"undead_revamp2:bomber":7,"undead_revamp2:thepregnant":1,"undead_revamp2:crackleball":1,"zombie_extreme:runner":8,"zombiemobs:zombie_cow":1,"minecraft:husk":31,"minecraft:zombie_villager":2,"undead_revamp2:the_moonflower":13,"minecraft:bat":2,"undead_revamp2:theordure":2,"minecraft:zombie":369,"zombie_extreme:infected_police":8},"minecraft:picked_up":{"biomesoplenty:redwood_log":246,"sophisticatedbackpacks:gold_backpack":2,"tac:mk23":1,"minecraft:allium":1,"minecraft:crafting_table":8,"apocalypsenow:fire_figther_boots":1,"tac:glock_17":3,"minecraft:chicken":1,"minecraft:anvil":1,"quark:spruce_ladder":1,"tac:sti2011":2,"minecraft:brown_bed":1,"farmersdelight:tomato_sauce":5,"minecraft:gold_block":9,"minecraft:potion":20,"create:bar_of_chocolate":8,"minecraft:heavy_weighted_pressure_plate":3,"minecraft:string":457,"minecraft:smooth_stone_slab":6,"artifacts:feral_claws":1,"minecraft:flint_and_steel":3,"minecraft:quartz_slab":3,"pfm:oak_gray_simple_bed":6,"quark:polished_calcite_vertical_slab":2,"apocalypsenow:medicalkit":2,"minecraft:cobbled_deepslate":4,"minecraft:smooth_stone":40,"minecraft:spruce_planks":1,"apocalypsenow:construction_boots":9,"apocalypsenow:mace":1,"minecraft:redstone_torch":1,"minecraft:smooth_quartz":14,"embellishcraft:sturdy_steel_door":2,"minecraft:iron_pickaxe":3,"minecraft:light_gray_wool":329,"minecraft:stick":23,"embellishcraft:smooth_slate":1,"embellishcraft:smooth_marble":38,"minecraft:torch":86,"minecraft:bowl":1,"tac:mp9":1,"chalk:blue_chalk":2,"minecraft:carrot":6,"immersiveengineering:concrete":64,"tac:b_magnum":29,"apocalypsenow:fire_figther_leggings":2,"minecraft:quartz_block":1,"biomesoplenty:redwood_planks":47,"minecraft:light_gray_bed":1,"minecraft:rotten_flesh":345,"artifacts:running_shoes":1,"minecraft:shears":1,"minecraft:iron_block":13,"minecraft:cyan_terracotta":10,"biomesoplenty:redwood_sapling":13,"apocalypsenow:police_chestplate":2,"apocalypsenow:police_boots":2,"minecraft:gold_ingot":18,"firstaid:bandage":10,"apocalypsenow:fire_figther_chestplate":3,"refinedstorage:1k_storage_part":2,"apocalypsenow:money_block":6,"minecraft:white_wool":4,"minecraft:cobblestone":18,"apocalypsenow:u_sarmy_boots":7,"tac:round45":83,"minecraft:feather":2,"minecraft:iron_door":8,"minecraft:potato":2,"embellishcraft:polished_marble":22,"contenttweaker:rubber":6,"embellishcraft:polished_marble_stairs":2,"artifacts:cloud_in_a_bottle":1,"minecraft:gunpowder":121,"apocalypsenow:construction_chestplate":3,"refinedstorage:improved_processor":2,"another_furniture:light_gray_curtain":1,"minecraft:dirt":33,"farmersdelight:honey_glazed_ham_block":2,"apocalypsenow:u_sarmy_leggings":3,"minecraft:bone":535,"apocalypsenow:construction_leggings":5,"minecraft:apple":1,"minecraft:gray_terracotta":4,"apocalypsenow:human_flesh":28,"minecraft:wheat_seeds":2,"apocalypsenow:money":28,"tac:deagle_357":1,"minecraft:iron_ingot":70,"minecraft:mossy_stone_bricks":2,"apocalypsenow:fire_figther_helmet":5,"minecraft:glass_bottle":1,"tac:9mm_round":143,"apocalypsenow:electric_baton":5,"apocalypsenow:police_helmet":2,"minecraft:oak_planks":1,"embellishcraft:white_spruce_fancy_bed":2,"tac:ae50":59,"minecraft:book":3,"quark:light_gray_shard":17,"firstaid:plaster":2,"apocalypsenow:u_sarmy_chestplate":3,"minecraft:emerald_block":4,"apocalypsenow:royal_canada_police_officer_leggings":1,"apocalypsenow:small_can":3,"chalk:red_chalk":2,"minecraft:birch_stairs":1,"minecraft:mossy_cobblestone":2,"tac:mp7":2,"apocalypsenow:expedition_knife":1,"minecraft:diamond":2,"immersiveengineering:seed":4,"minecraft:stone_axe":1,"quark:oak_hedge":2,"minecraft:golden_apple":2,"minecraft:coal":9,"minecraft:stripped_dark_oak_log":4,"quark:gray_shard":12,"minecraft:emerald":18,"minecraft:bread":16,"apocalypsenow:construction_helmet":6,"apocalypsenow:scissorst":1,"quark:gray_framed_glass":3},"minecraft:used":{"pfm:oak_gray_simple_bed":6,"biomesoplenty:redwood_door":3,"minecraft:flint_and_steel":28,"biomesoplenty:redwood_planks":333,"minecraft:spruce_planks":1,"farmersdelight:melon_juice":2,"minecraft:torch":151,"minecraft:dirt":33,"apocalypsenow:grape_juice":3,"minecraft:carrot":5,"minecraft:allium":1,"apocalypsenow:orange_juice":3,"biomesoplenty:redwood_sign":1,"biomesoplenty:redwood_log":54,"embellishcraft:smooth_marble":8,"minecraft:wooden_axe":1,"farmersdelight:vegetable_soup":3,"farmersdelight:fried_rice":1,"minecraft:cyan_terracotta":7,"another_furniture:light_gray_curtain":1,"apocalypsenow:baseball_bat":17,"apocalypsenow:open_canned_fish":2,"apocalypsenow:scissorst":1,"farmersdelight:melon_popsicle":13,"minecraft:smooth_quartz":5,"minecraft:light_gray_wool":1,"immersiveengineering:concrete":62,"embellishcraft:white_spruce_fancy_bed":1,"apocalypsenow:porpsi":13,"apocalypsenow:combat_knife":603,"apocalypsenow:open_canned_pork":1,"minecraft:cobbled_deepslate":1,"minecraft:light_gray_bed":1,"minecraft:brown_bed":1,"farmersdelight:hamburger":2,"minecraft:mossy_stone_bricks":2,"apocalypsenow:vodka":1,"apocalypsenow:energy_drink":1,"apocalypsenow:electric_baton":8,"farmersdelight:skillet":21,"farmersdelight:honey_glazed_ham_block":1,"minecraft:stone_pickaxe":4,"minecraft:oak_planks":1,"biomesoplenty:redwood_sapling":2,"minecraft:wooden_pickaxe":9,"minecraft:diamond_axe":954,"quark:gray_framed_glass":1,"minecraft:white_wool":4,"minecraft:golden_apple":1,"minecraft:mossy_cobblestone":1,"minecraft:crafting_table":11,"minecraft:shears":304,"farmersdelight:apple_cider":2,"minecraft:bread":3,"quark:oak_hedge":1,"minecraft:iron_pickaxe":345,"cgm:grenade":1,"minecraft:stone_axe":19,"minecraft:cobblestone":7,"minecraft:potion":18,"apocalypsenow:mace":275,"minecraft:golden_pickaxe":20,"create:bar_of_chocolate":1,"embellishcraft:polished_marble":12,"minecraft:smooth_stone":35,"minecraft:birch_stairs":1},"minecraft:dropped":{"apocalypsenow:human_flesh":3,"minecraft:wheat_seeds":1,"minecraft:glass_bottle":1,"embellishcraft:white_spruce_fancy_bed":1,"minecraft:smooth_quartz":3,"minecraft:potion":5,"minecraft:string":4,"minecraft:dark_oak_planks":6,"minecraft:bone":2,"farmersdelight:melon_juice":3,"minecraft:smooth_stone_slab":3,"apocalypsenow:small_can":4,"embellishcraft:smooth_marble":1,"minecraft:rotten_flesh":3,"tac:ae50":1,"immersiveengineering:seed":1},"minecraft:custom":{"lootr:looted_stat":85,"minecraft:mob_kills":545,"minecraft:interact_with_crafting_table":37,"minecraft:open_barrel":3,"minecraft:open_shulker_box":1,"minecraft:damage_dealt_resisted":7586,"minecraft:leave_game":21,"minecraft:time_since_death":2131,"minecraft:climb_one_cm":153761,"minecraft:sprint_one_cm":408392,"minecraft:walk_one_cm":1960812,"minecraft:drop":31,"minecraft:chair_used":1,"minecraft:damage_dealt_absorbed":182,"minecraft:talked_to_villager":3,"minecraft:play_time":455513,"minecraft:deaths":34,"minecraft:sneak_time":24188,"minecraft:walk_under_water_one_cm":6624,"minecraft:drawer_searched":2,"minecraft:jump":4025,"minecraft:walk_on_water_one_cm":11892,"minecraft:total_world_time":455513,"minecraft:interact_with_furnace":9,"minecraft:toilet_used":7,"minecraft:trashcan_opened":3,"minecraft:sleep_in_bed":8,"minecraft:cabinet_searched":6,"minecraft:time_since_rest":2183,"minecraft:damage_taken":12374,"minecraft:damage_dealt":102443,"minecraft:fly_one_cm":230783,"minecraft:freezer_opened":4,"minecraft:open_chest":13,"minecraft:crouch_one_cm":57530,"minecraft:fall_one_cm":72925},"minecraft:mined":{"farmersdelight:honey_glazed_ham_block":2,"minecraft:spruce_planks":1,"embellishcraft:sturdy_steel_door":2,"minecraft:mossy_cobblestone":2,"minecraft:gray_stained_glass_pane":1,"minecraft:grass_block":27,"minecraft:light_gray_bed":3,"minecraft:spruce_leaves":1,"cfm:gray_picket_fence":1,"minecraft:spawner":26,"minecraft:smooth_stone":67,"minecraft:cobbled_deepslate":4,"minecraft:fire":2,"minecraft:anvil":1,"minecraft:gold_block":9,"minecraft:brown_bed":1,"minecraft:bookshelf":1,"biomesoplenty:redwood_log":14,"minecraft:quartz_slab":4,"minecraft:iron_bars":6,"minecraft:stone":7,"minecraft:iron_block":12,"embellishcraft:polished_marble_stairs":2,"create:dark_oak_window_pane":2,"minecraft:gray_terracotta":4,"minecraft:birch_stairs":1,"biomesoplenty:redwood_planks":40,"minecraft:quartz_block":10,"minecraft:cyan_terracotta":12,"embellishcraft:smooth_slate":1,"minecraft:stripped_dark_oak_log":5,"minecraft:crafting_table":6,"apocalypsenow:money_block":7,"minecraft:torch":8,"minecraft:gray_stained_glass":4,"embellishcraft:polished_marble":16,"quark:gray_framed_glass":3,"minecraft:cobblestone":10,"minecraft:oak_planks":2,"minecraft:iron_door":8,"minecraft:wall_torch":4,"immersiveengineering:concrete":75,"minecraft:light_gray_stained_glass":5,"quark:spruce_ladder":2,"minecraft:light_gray_wool":334,"minecraft:smooth_stone_slab":3,"embellishcraft:white_spruce_fancy_bed":2,"minecraft:grass":14,"embellishcraft:smooth_marble":36,"biomesoplenty:clover":11,"create:vertical_framed_glass_pane":2,"quark:oak_hedge":2,"biomesoplenty:redwood_leaves":36,"another_furniture:light_gray_curtain":1,"minecraft:smooth_quartz":8,"minecraft:dirt":6,"pfm:oak_gray_simple_bed":6,"minecraft:mossy_stone_bricks":2,"minecraft:oak_leaves":5,"minecraft:emerald_block":4,"minecraft:deepslate":3}},"DataVersion":2975}