{"stats":{"minecraft:killed_by":{"minecraft:zombie":2,"undead_revamp2:thesmoker":1},"minecraft:broken":{"minecraft:stone_axe":1,"minecraft:wooden_axe":2},"minecraft:crafted":{"minecraft:crafting_table":1,"minecraft:stone":7,"minecraft:air":344},"minecraft:killed":{"minecraft:husk":5,"hordes:zombie_player":1,"minecraft:zombie":31,"zombie_extreme:infected_police":1},"minecraft:picked_up":{"biomesoplenty:redwood_log":373,"tac:round45":3,"tac:glock_18":1,"minecraft:wooden_pickaxe":2,"minecraft:brown_bed":1,"refinedstorage:controller":1,"minecraft:gunpowder":27,"apocalypsenow:construction_chestplate":1,"minecraft:dirt":1,"minecraft:string":24,"farmersdelight:shepherds_pie_block":1,"another_furniture:oak_shelf":2,"minecraft:smooth_stone_slab":4,"embellishcraft:gneiss_large_bricks_wall":2,"pfm:oak_gray_simple_bed":2,"minecraft:bone":38,"minecraft:stone_bricks":6,"minecraft:gray_terracotta":5,"apocalypsenow:human_flesh":1,"minecraft:smooth_stone":9,"apocalypsenow:construction_boots":1,"minecraft:glass_bottle":3,"tac:9mm_round":9,"minecraft:book":18,"minecraft:stick":22,"minecraft:stone":7,"embellishcraft:smooth_slate":1,"embellishcraft:smooth_marble":10,"minecraft:torch":1,"quark:oak_vertical_slab":4,"refinedstorage:4k_storage_part":1,"tac:b_magnum":4,"simplylight:illuminant_block_on":1,"minecraft:rotten_flesh":35,"apocalypsenow:forestguard_helmet":1,"quark:oak_hedge":4,"minecraft:gold_ingot":17,"biomesoplenty:redwood_sapling":22,"quark:gray_shard":16,"rocks:cobblestone_splitter":1,"minecraft:iron_bars":5,"minecraft:coal":11,"minecraft:cobblestone":18},"minecraft:used":{"pfm:oak_gray_simple_bed":1,"minecraft:iron_bars":2,"apocalypsenow:electric_baton":87,"minecraft:flint_and_steel":3,"minecraft:stone_pickaxe":70,"biomesoplenty:redwood_planks":104,"minecraft:wooden_pickaxe":20,"minecraft:stone":7,"minecraft:torch":21,"minecraft:crafting_table":3,"embellishcraft:smooth_marble":2,"minecraft:gray_terracotta":3,"minecraft:wooden_axe":6,"apocalypsenow:baseball_bat":1,"minecraft:stone_bricks":6,"minecraft:stone_axe":122,"minecraft:potion":13,"farmersdelight:shepherds_pie_block":1,"minecraft:smooth_stone":2,"minecraft:brown_bed":1},"minecraft:dropped":{"apocalypsenow:human_flesh":1,"quark:oak_hedge":4,"biomesoplenty:redwood_sapling":22,"minecraft:glass_bottle":5,"embellishcraft:gneiss_large_bricks_wall":2,"refinedstorage:controller":1,"apocalypsenow:forestguard_helmet":1,"quark:gray_shard":7,"minecraft:leather_helmet":1,"minecraft:dirt":1,"minecraft:leather_chestplate":1,"rocks:cobblestone_splitter":1,"minecraft:leather_boots":1,"minecraft:wooden_pickaxe":3,"minecraft:smooth_stone":3},"minecraft:custom":{"minecraft:interact_with_furnace":7,"lootr:looted_stat":14,"minecraft:mob_kills":44,"minecraft:interact_with_crafting_table":6,"minecraft:tune_noteblock":28,"minecraft:leave_game":1,"minecraft:time_since_death":3402,"minecraft:sleep_in_bed":8,"minecraft:climb_one_cm":25656,"minecraft:time_since_rest":3597,"minecraft:sprint_one_cm":37745,"minecraft:damage_taken":2021,"minecraft:walk_one_cm":285549,"minecraft:drop":18,"minecraft:damage_dealt":8002,"minecraft:play_noteblock":1,"minecraft:swim_one_cm":410,"minecraft:freezer_opened":1,"minecraft:fly_one_cm":56593,"minecraft:crouch_one_cm":16667,"minecraft:play_time":200778,"minecraft:sneak_time":5770,"minecraft:deaths":9,"minecraft:walk_under_water_one_cm":557,"minecraft:interact_with_brewingstand":1,"minecraft:jump":739,"minecraft:walk_on_water_one_cm":3820,"minecraft:total_world_time":200778,"minecraft:fall_one_cm":17118},"minecraft:mined":{"minecraft:gray_terracotta":5,"embellishcraft:smooth_slate":2,"another_furniture:oak_shelf":2,"another_furniture:light_gray_sofa":2,"biomesoplenty:bush":1,"minecraft:grass_block":1,"minecraft:gray_stained_glass":6,"embellishcraft:gneiss_large_bricks_wall":2,"rocks:rock":1,"minecraft:wall_torch":1,"immersiveengineering:concrete":3,"minecraft:spawner":13,"minecraft:smooth_stone":6,"minecraft:birch_planks":1,"simplylight:illuminant_block_on":1,"minecraft:fire":3,"minecraft:brown_bed":1,"minecraft:smooth_stone_slab":4,"embellishcraft:smooth_marble":10,"minecraft:bookshelf":6,"create:vertical_framed_glass_pane":6,"minecraft:coal_ore":4,"quark:oak_hedge":2,"biomesoplenty:redwood_log":21,"create:polished_cut_limestone":1,"minecraft:iron_bars":6,"minecraft:smooth_quartz":1,"pfm:oak_gray_simple_bed":2,"minecraft:stone_bricks":6,"minecraft:stone":18,"quark:oak_vertical_slab":4,"minecraft:oak_leaves":1,"minecraft:fern":1}},"DataVersion":2975}