{"stats":{"minecraft:killed_by":{"minecraft:player":1,"undead_revamp2:the_moonflower":5,"zombie_extreme:runner":1,"hordes:zombie_player":5,"minecraft:zombie":7,"undead_revamp2:thesmoker":3,"zombie_extreme:crawler":1},"minecraft:broken":{"apocalypsenow:kitchen_knife":1,"apocalypsenow:lumber_jack_axe":1,"apocalypsenow:dagger":1,"minecraft:wooden_axe":1,"apocalypsenow:night_stick":1},"minecraft:crafted":{"firstaid:plaster":1,"minecraft:cooked_mutton":2,"immersiveengineering:stick_steel":12,"minecraft:leather":35,"apocalypsenow:night_stick":2,"minecraft:chest":1,"tac:round45":64,"sophisticatedbackpacks:iron_backpack":1,"minecraft:crafting_table":5,"biomesoplenty:redwood_planks":4,"minecraft:wooden_pickaxe":2,"apocalypsenow:medicalkit":16,"minecraft:iron_sword":1,"sophisticatedbackpacks:gold_backpack":1,"minecraft:birch_planks":4,"tac:9mm_round":96,"minecraft:air":479,"minecraft:white_wool":11,"tac:762x54":96,"sophisticatedbackpacks:diamond_backpack":1,"minecraft:stick":16,"apocalypsenow:cooked_human_flesh":2,"minecraft:wooden_axe":3,"minecraft:iron_pickaxe":1,"minecraft:white_bed":3},"minecraft:killed":{"hordes:zombie_player":5,"undead_revamp2:thesmoker":29,"minecraft:chicken":1,"undead_revamp2:thepregnant":1,"zombie_extreme:runner":3,"zombie_extreme:crawler":1,"minecraft:husk":23,"minecraft:zombie_villager":1,"undead_revamp2:the_moonflower":15,"minecraft:zombie":259,"zombie_extreme:infected_police":4,"mutationcraft:human_herder":1},"minecraft:picked_up":{"biomesoplenty:redwood_log":220,"minecraft:iron_chestplate":1,"quark:stone_vertical_slab":4,"minecraft:crafting_table":3,"tac:glock_17":4,"apocalypsenow:fire_figther_boots":1,"minecraft:chicken":2,"minecraft:anvil":4,"immersiveengineering:plate_duroplast":14,"minecraft:stone_slab":2,"minecraft:wooden_pickaxe":3,"apocalypsenow:u_sarmy_helmet":3,"minecraft:potion":9,"apocalypsenow:can_opener":1,"quark:gunpowder_sack":2,"refinedstorage:controller":2,"create:bar_of_chocolate":43,"minecraft:string":403,"minecraft:iron_axe":1,"minecraft:flint_and_steel":4,"artifacts:feral_claws":1,"pfm:oak_gray_simple_bed":2,"refinedstorage:crafting_grid":4,"apocalypsenow:medicalkit":15,"farmersdelight:fried_rice":2,"apocalypsenow:construction_boots":1,"minecraft:spruce_planks":1,"minecraft:smooth_quartz":3,"minecraft:iron_pickaxe":3,"farmersdelight:kelp_roll_slice":1,"minecraft:dark_oak_door":2,"minecraft:stick":32,"refinedstorage:16k_storage_part":2,"another_furniture:white_curtain":1,"tac:m4":4,"minecraft:torch":97,"minecraft:bowl":2,"sophisticatedbackpacks:backpack":3,"tac:mp9":1,"chalk:blue_chalk":1,"minecraft:carrot":1,"tac:b_magnum":31,"quark:spruce_vertical_slab":2,"apocalypsenow:fire_figther_leggings":1,"minecraft:tnt":3,"farmersdelight:melon_popsicle":3,"minecraft:quartz_block":2,"biomesoplenty:redwood_planks":202,"embellishcraft:spruce_plain_door":3,"embellishcraft:steel_door":2,"minecraft:rotten_flesh":299,"minecraft:shears":1,"farmersdelight:hamburger":6,"minecraft:cyan_terracotta":1,"firstaid:bandage":10,"apocalypsenow:police_chestplate":2,"apocalypsenow:bikers_helmet":1,"farmersdelight:beef_stew":1,"minecraft:gold_ingot":11,"apocalypsenow:police_boots":4,"biomesoplenty:redwood_sapling":2,"farmersdelight:melon_juice":14,"minecraft:mutton":33,"apocalypsenow:fire_figther_chestplate":4,"minecraft:white_wool":17,"minecraft:cobblestone":1,"tac:round45":34,"minecraft:leather_chestplate":1,"minecraft:feather":4,"minecraft:iron_door":15,"another_furniture:spruce_planter_box":4,"minecraft:leather":22,"minecraft:potato":21,"embellishcraft:polished_marble":3,"contenttweaker:rubber":12,"minecraft:gunpowder":194,"artifacts:cloud_in_a_bottle":5,"apocalypsenow:construction_chestplate":10,"minecraft:stripped_birch_log":2,"farmersdelight:chicken_sandwich":8,"minecraft:lapis_lazuli":30,"minecraft:dirt":48,"minecraft:lantern":1,"cgm:grenade":12,"minecraft:cooked_mutton":16,"createdeco:locked_cast_iron_door":1,"apocalypsenow:u_sarmy_leggings":2,"minecraft:bone":384,"apocalypsenow:construction_leggings":2,"nameless_trinkets:experience_magnet":1,"apocalypsenow:human_flesh":16,"apocalypsenow:royal_canada_police_officer_chestplate":1,"apocalypsenow:money":152,"embellishcraft:spruce_wooden_crate":2,"tac:nato_556_bullet":24,"minecraft:iron_ingot":25,"minecraft:cooked_chicken":2,"refinedstorage:advanced_processor":1,"farmersdelight:egg_sandwich":6,"apocalypsenow:fire_figther_helmet":1,"minecraft:glowstone_dust":22,"minecraft:glass_bottle":4,"tac:9mm_round":74,"minecraft:moss_block":3,"apocalypsenow:police_helmet":3,"embellishcraft:white_spruce_fancy_bed":6,"tac:ae50":171,"sophisticatedbackpacks:diamond_backpack":1,"quark:light_gray_shard":27,"apocalypsenow:grape_juice":5,"firstaid:plaster":15,"apocalypsenow:u_sarmy_chestplate":1,"contenttweaker:resistant_fabric":2,"patchouli:guide_book":1,"contenttweaker:high_carbon_steel_alloy":1,"chalk:red_chalk":1,"apocalypsenow:tatical_mace":3,"embellishcraft:smooth_basalt_slab":1,"apocalypsenow:chips":6,"apocalypsenow:police_leggings":4,"tac:762x54":96,"apocalypsenow:vodka":3,"minecraft:white_bed":2,"apocalypsenow:royal_canada_police_officer_helmet":1,"apocalypsenow:dagger":1,"minecraft:mossy_cobblestone":1,"apocalypsenow:coke":13,"apocalypsenow:royal_canada_police_officer_boots":1,"tac:mp7":4,"immersiveengineering:seed":1,"minecraft:diamond":10,"quark:oak_hedge":1,"minecraft:gray_wool":6,"nameless_trinkets:callus":1,"minecraft:bread":20,"farmersdelight:barbecue_stick":14,"embellishcraft:air_duct":1,"tac:762x39":50,"quark:gray_shard":18,"apocalypsenow:construction_helmet":4,"embellishcraft:light_gray_couch":1},"minecraft:used":{"pfm:oak_gray_simple_bed":2,"farmersdelight:kelp_roll_slice":8,"minecraft:flint_and_steel":17,"biomesoplenty:redwood_planks":255,"minecraft:spruce_planks":1,"minecraft:iron_sword":13,"farmersdelight:melon_juice":9,"quark:stone_vertical_slab":4,"minecraft:torch":99,"minecraft:dirt":25,"apocalypsenow:grape_juice":4,"farmersdelight:fish_stew":2,"minecraft:carrot":2,"biomesoplenty:redwood_log":2,"apocalypsenow:kitchen_knife":162,"minecraft:wooden_axe":33,"minecraft:lantern":1,"apocalypsenow:baseball_bat":14,"minecraft:smooth_quartz":1,"apocalypsenow:lumber_jack_axe":79,"embellishcraft:white_spruce_fancy_bed":6,"apocalypsenow:combat_knife":238,"apocalypsenow:porpsi":9,"apocalypsenow:night_stick":836,"farmersdelight:salmon_roll":3,"farmersdelight:beef_stew":1,"minecraft:cooked_mutton":6,"apocalypsenow:vodka":1,"minecraft:stripped_birch_log":1,"biomesoplenty:redwood_sapling":2,"minecraft:wooden_pickaxe":61,"minecraft:crafting_table":7,"minecraft:white_bed":5,"apocalypsenow:coke":9,"apocalypsenow:tatical_mace":765,"farmersdelight:apple_cider":2,"minecraft:bread":4,"quark:oak_hedge":1,"minecraft:iron_pickaxe":110,"cgm:grenade":4,"refinedstorage:crafting_grid":3,"minecraft:stone_slab":1,"minecraft:iron_door":2,"apocalypsenow:dagger":456,"minecraft:potion":34},"minecraft:dropped":{"quark:spruce_vertical_slab":1,"farmersdelight:hamburger":6,"minecraft:glass_bottle":2,"minecraft:diamond":4,"artifacts:cloud_in_a_bottle":1,"quark:gray_shard":3,"refinedstorage:16k_storage_part":1,"apocalypsenow:tatical_mace":1,"minecraft:stick":28,"farmersdelight:melon_popsicle":3,"biomesoplenty:redwood_log":137,"minecraft:mutton":33,"minecraft:iron_door":1,"apocalypsenow:chips":6,"minecraft:iron_axe":1,"embellishcraft:spruce_plain_door":2,"minecraft:iron_pickaxe":1,"farmersdelight:egg_sandwich":6,"artifacts:feral_claws":1,"minecraft:string":13,"minecraft:white_wool":12,"farmersdelight:melon_juice":6,"farmersdelight:barbecue_stick":14,"minecraft:cooked_chicken":2,"farmersdelight:kelp_roll_slice":1,"refinedstorage:controller":1,"farmersdelight:chicken_sandwich":6,"minecraft:potato":20,"create:bar_of_chocolate":7,"apocalypsenow:coke":13,"firstaid:plaster":4},"minecraft:custom":{"lootr:looted_stat":95,"minecraft:mob_kills":401,"minecraft:interact_with_crafting_table":20,"minecraft:open_barrel":2,"minecraft:microwave_used":1,"minecraft:damage_dealt_resisted":307,"minecraft:leave_game":4,"minecraft:time_since_death":3598,"minecraft:climb_one_cm":105402,"minecraft:sprint_one_cm":979849,"minecraft:walk_one_cm":1780745,"minecraft:fridge_opened":27,"minecraft:drop":49,"minecraft:damage_dealt_absorbed":121,"minecraft:talked_to_villager":6,"minecraft:play_time":525485,"minecraft:deaths":29,"minecraft:sneak_time":30883,"minecraft:walk_under_water_one_cm":132,"minecraft:jump":3627,"minecraft:drawer_searched":3,"minecraft:walk_on_water_one_cm":5219,"minecraft:total_world_time":525485,"minecraft:interact_with_furnace":18,"minecraft:traded_with_villager":52,"minecraft:stove_opened":10,"minecraft:trashcan_opened":1,"minecraft:sleep_in_bed":19,"minecraft:cabinet_searched":4,"minecraft:time_since_rest":3629,"minecraft:damage_taken":9596,"minecraft:damage_dealt":78523,"minecraft:swim_one_cm":448,"minecraft:freezer_opened":6,"minecraft:fly_one_cm":513060,"minecraft:open_chest":22,"minecraft:crouch_one_cm":68534,"minecraft:interact_with_smoker":1,"minecraft:fall_one_cm":80609},"minecraft:mined":{"minecraft:spruce_planks":1,"minecraft:white_bed":2,"embellishcraft:air_duct":1,"minecraft:mossy_cobblestone":1,"minecraft:stripped_birch_log":2,"embellishcraft:light_gray_couch":1,"minecraft:gray_stained_glass_pane":2,"minecraft:cave_vines_plant":1,"minecraft:grass_block":27,"another_furniture:white_curtain":1,"embellishcraft:smooth_basalt_slab":1,"minecraft:moss_block":3,"minecraft:spawner":61,"refinedstorage:crafting_grid":2,"create:framed_glass_pane":2,"minecraft:fire":13,"minecraft:anvil":1,"biomesoplenty:redwood_log":19,"minecraft:lantern":1,"biomesoplenty:redwood_planks":5,"embellishcraft:steel_door":2,"quark:lavender_blossom_hedge":1,"minecraft:quartz_block":2,"minecraft:cyan_terracotta":1,"createdeco:locked_cast_iron_door":1,"minecraft:crafting_table":2,"minecraft:torch":5,"minecraft:gray_stained_glass":6,"embellishcraft:polished_marble":3,"minecraft:stone_slab":2,"create:birch_window_pane":5,"minecraft:iron_door":14,"minecraft:wall_torch":10,"minecraft:gray_wool":6,"farmersdelight:skillet":1,"minecraft:light_gray_stained_glass":9,"quark:spruce_vertical_slab":1,"embellishcraft:white_spruce_fancy_bed":6,"minecraft:grass":4,"biomesoplenty:clover":3,"create:vertical_framed_glass_pane":2,"quark:oak_hedge":1,"biomesoplenty:redwood_leaves":2,"minecraft:smooth_quartz":3,"quark:stone_vertical_slab":4,"minecraft:dirt":18,"pfm:oak_gray_simple_bed":2,"minecraft:cobweb":31,"another_furniture:spruce_planter_box":2,"minecraft:oak_leaves":5,"minecraft:dark_oak_planks":2}},"DataVersion":2975}