{"stats":{"minecraft:killed_by":{"undead_revamp2:the_moonflower":4,"minecraft:zombie":4,"undead_revamp2:thesmoker":1,"minecraft:husk":1},"minecraft:broken":{"minecraft:iron_shovel":1,"create_sa:copper_shovel":2,"minecraft:wooden_sword":1,"minecraft:wooden_axe":2,"minecraft:leather_helmet":1,"create_sa:copper_pickaxe":3,"create_sa:copper_sword":1,"minecraft:iron_pickaxe":2,"apocalypsenow:u_sarmy_helmet":1},"minecraft:crafted":{"immersiveengineering:hammer":2,"minecraft:rotten_flesh":1,"immersiveengineering:ingot_lead":5,"minecraft:chest":3,"immersiveengineering:ingot_steel":12,"immersiveengineering:plate_steel":3,"immersiveengineering:ingot_aluminum":5,"apocalypsenow:welding_mask_helmet":1,"sophisticatedbackpacks:backpack":1,"minecraft:diamond_axe":1,"minecraft:crafting_table":12,"apocalypsenow:medicalkit":8,"minecraft:chainmail_chestplate":1,"apocalypsenow:u_sarmy_leggings":1,"minecraft:copper_ingot":21,"apocalypsenow:heavy_machete":1,"minecraft:string":4,"minecraft:iron_chestplate":1,"minecraft:charcoal":12,"minecraft:shield":1,"minecraft:stick":48,"minecraft:iron_ingot":40,"minecraft:iron_pickaxe":3,"minecraft:iron_block":1,"minecraft:gold_ingot":22,"tac:workbench":1,"apocalypsenow:canned_fish":1,"minecraft:wooden_sword":1,"minecraft:furnace":4,"minecraft:blast_furnace":1,"create:iron_sheet":2,"minecraft:leather":38,"immersiveengineering:wirecutter":1,"minecraft:stone_pickaxe":2,"create_sa:copper_pickaxe":4,"apocalypsenow:fire_figther_leggings":1,"sophisticatedbackpacks:iron_backpack":1,"create:bar_of_chocolate":1,"farmersdelight:hamburger":1,"biomesoplenty:redwood_planks":20,"biomesoplenty:redwood_fence":3,"minecraft:iron_sword":1,"apocalypsenow:machete":1,"minecraft:leather_helmet":1,"sophisticatedbackpacks:gold_backpack":1,"minecraft:bread":1,"minecraft:air":538,"minecraft:potion":18,"minecraft:white_wool":23,"minecraft:gold_nugget":18,"minecraft:wooden_axe":4,"minecraft:iron_shovel":1,"firstaid:bandage":1,"create_sa:copper_sword":1,"minecraft:white_bed":3,"create:zinc_ingot":7},"minecraft:killed":{"undead_revamp2:thesmoker":17,"zombiemobs:zombie_panda":1,"zombiemobs:zombie_dolphin":1,"undead_revamp2:thepregnant":1,"minecraft:zombie_villager":1,"hordes:drowned_player":1,"minecraft:zombie":165,"alexsmobs:terrapin":2,"zombie_extreme:infected_police":3,"minecraft:glow_squid":1,"zombiemobs:zombie_sheep":1,"undead_revamp2:bomber":9,"minecraft:drowned":7,"zombie_extreme:runner":4,"zombiemobs:zombie_cow":1,"zombie_extreme:crawler":4,"minecraft:husk":25,"crittersandcompanions:ferret":1,"undead_revamp2:the_moonflower":8,"minecraft:bat":2,"alexsmobs:cockroach":1,"zombiemobs:zombie_goat":2},"minecraft:used":{"apocalypsenow:hand_axe":191,"minecraft:iron_shovel":251,"minecraft:chest":4,"minecraft:shield":9,"minecraft:iron_sword":139,"create_sa:copper_pickaxe":523,"biomesoplenty:redwood_fence":3,"farmersdelight:fried_rice":2,"farmersdelight:melon_popsicle":6,"apocalypsenow:heavy_machete":171,"embellishcraft:white_spruce_fancy_bed":1,"minecraft:furnace":18,"minecraft:potato":3,"farmersdelight:hamburger":2,"farmersdelight:beef_stew":1,"minecraft:diorite":1,"minecraft:stone_pickaxe":68,"minecraft:wooden_pickaxe":31,"minecraft:diamond_axe":522,"apocalypsenow:whisky":1,"minecraft:blast_furnace":1,"minecraft:bread":1,"create_sa:copper_sword":122,"minecraft:gravel":6,"minecraft:wooden_sword":59,"create_sa:copper_shovel":328,"biomesoplenty:redwood_door":2,"biomesoplenty:redwood_planks":102,"minecraft:torch":129,"minecraft:dirt":22,"apocalypsenow:grape_juice":1,"biomesoplenty:redwood_log":2,"minecraft:wooden_axe":47,"minecraft:smooth_basalt":4,"apocalypsenow:porpsi":3,"minecraft:cobbled_deepslate":3,"minecraft:enchanted_golden_apple":1,"minecraft:brown_bed":3,"minecraft:wheat_seeds":1,"tac:workbench":2,"minecraft:glass_bottle":12,"minecraft:cobblestone_slab":1,"minecraft:crafting_table":22,"minecraft:white_bed":3,"minecraft:apple":1,"minecraft:iron_pickaxe":642,"minecraft:potion":42,"minecraft:cobblestone":152,"farmersdelight:fruit_salad":2,"immersiveengineering:wirecutter":2},"minecraft:picked_up":{"quark:carrot_crate":2,"minecraft:wheat":2,"minecraft:anvil":1,"minecraft:stone_slab":1,"minecraft:brown_bed":3,"minecraft:potion":5,"refinedstorage:controller":1,"minecraft:string":284,"create:limestone":20,"minecraft:raw_copper":72,"minecraft:smooth_stone_slab":1,"immersiveengineering:raw_lead":5,"minecraft:cobbled_deepslate":31,"minecraft:smooth_stone":5,"minecraft:cobblestone_slab":2,"minecraft:calcite":5,"minecraft:coal_block":4,"minecraft:furnace":14,"minecraft:stick":31,"embellishcraft:smooth_marble":12,"farmersdelight:rotten_tomato":2,"minecraft:torch":28,"tac:mp9":1,"minecraft:diorite":95,"quark:potato_crate":4,"apocalypsenow:fire_figther_leggings":3,"quark:spruce_vertical_slab":1,"minecraft:rotten_flesh":143,"farmersdelight:onion":6,"minecraft:iron_block":5,"minecraft:cyan_terracotta":2,"minecraft:cobblestone":503,"apocalypsenow:money_block":7,"tac:workbench":1,"apocalypsenow:u_sarmy_boots":2,"tac:round45":50,"quark:calcite_bricks_vertical_slab":1,"minecraft:birch_slab":1,"minecraft:andesite":39,"minecraft:potato":10,"biomesoplenty:redwood_door":2,"minecraft:flint":4,"create:raw_zinc":26,"farmersdelight:tomato":28,"minecraft:lapis_lazuli":55,"minecraft:dirt":548,"minecraft:bone":212,"apocalypsenow:human_flesh":5,"minecraft:wheat_seeds":3,"minecraft:raw_gold":21,"apocalypsenow:heavy_machete":1,"tac:9mm_round":66,"quark:apple_crate":1,"firstaid:plaster":4,"quark:smooth_stone_vertical_slab":1,"create_sa:copper_sword":1,"immersiveengineering:raw_aluminum":8,"cfm:oak_hedge":1,"sophisticatedbackpacks:iron_backpack":2,"create:polished_cut_limestone":1,"minecraft:diamond":7,"minecraft:granite":10,"minecraft:bread":6,"immersiveengineering:raw_nickel":1,"biomesoplenty:redwood_log":311,"minecraft:charcoal":12,"minecraft:crafting_table":12,"cfm:stone_chair":1,"apocalypsenow:fire_figther_boots":1,"minecraft:leather_leggings":1,"minecraft:gold_block":3,"apocalypsenow:u_sarmy_helmet":1,"apocalypsenow:construction_boots":1,"embellishcraft:sturdy_steel_door":1,"minecraft:egg":3,"quark:golden_apple_crate":1,"minecraft:raw_iron":40,"minecraft:copper_ingot":11,"minecraft:stone_button":2,"minecraft:carrot":1,"minecraft:redstone":76,"immersiveengineering:concrete":4,"tac:b_magnum":22,"create:zinc_ingot":7,"biomesoplenty:redwood_planks":53,"biomesoplenty:redwood_sapling":33,"minecraft:white_wool":14,"apocalypsenow:fire_figther_chestplate":2,"minecraft:glow_ink_sac":2,"minecraft:birch_planks":1,"embellishcraft:polished_marble":1,"minecraft:gunpowder":8,"apocalypsenow:u_sarmy_leggings":2,"minecraft:stone_bricks":28,"apocalypsenow:construction_leggings":1,"minecraft:apple":3,"minecraft:gray_carpet":3,"embellishcraft:spruce_wooden_crate":1,"apocalypsenow:money":1,"apocalypsenow:red_bikers_helmet":1,"minecraft:iron_ingot":3,"embellishcraft:marble_cobblestone":2,"minecraft:glass_bottle":3,"simplylight:illuminant_block":1,"embellishcraft:white_spruce_fancy_bed":1,"tac:ae50":42,"quark:light_gray_shard":7,"minecraft:smooth_basalt":4,"quark:oak_vertical_slab":4,"minecraft:gravel":23,"minecraft:birch_stairs":1,"minecraft:amethyst_shard":14,"quark:lavender_blossom_hedge":1,"minecraft:slime_ball":1,"immersiveengineering:seed":1,"xpbook:xp_tome":2,"minecraft:iron_helmet":1,"quark:gray_shard":36,"minecraft:coal":28,"immersiveengineering:raw_silver":13},"minecraft:dropped":{"sophisticatedbackpacks:iron_backpack":2,"minecraft:diamond":4,"biomesoplenty:redwood_log":70,"minecraft:gold_ingot":8,"apocalypsenow:royal_canada_police_officer_leggings":1,"apocalypsenow:heavy_machete":1,"minecraft:egg":3,"minecraft:iron_ingot":8,"minecraft:copper_ingot":11,"apocalypsenow:fire_figther_chestplate":2,"tac:mp9":1,"refinedstorage:controller":1,"biomesoplenty:redwood_planks":14,"firstaid:plaster":9},"minecraft:custom":{"lootr:looted_stat":37,"minecraft:interact_with_crafting_table":98,"minecraft:open_barrel":4,"minecraft:microwave_used":1,"minecraft:bell_ring":9,"minecraft:leave_game":10,"minecraft:time_since_death":98358,"minecraft:damage_resisted":39,"minecraft:sprint_one_cm":382569,"minecraft:damage_blocked_by_shield":194,"minecraft:drop":28,"minecraft:talked_to_villager":5,"minecraft:play_time":400533,"minecraft:deaths":11,"minecraft:jump":2192,"minecraft:interact_with_brewingstand":2,"minecraft:walk_on_water_one_cm":81967,"minecraft:interact_with_furnace":117,"minecraft:traded_with_villager":25,"minecraft:stove_opened":12,"minecraft:sleep_in_bed":8,"minecraft:damage_dealt":53613,"minecraft:crouch_one_cm":43380,"minecraft:mob_kills":265,"minecraft:damage_dealt_resisted":4202,"minecraft:climb_one_cm":25830,"minecraft:walk_one_cm":1494207,"minecraft:fridge_opened":15,"minecraft:damage_dealt_absorbed":161,"minecraft:sneak_time":18507,"minecraft:walk_under_water_one_cm":20414,"minecraft:interact_with_blast_furnace":2,"minecraft:total_world_time":400533,"minecraft:tune_noteblock":3,"minecraft:trashcan_opened":1,"minecraft:interact_with_stonecutter":1,"minecraft:cabinet_searched":3,"minecraft:time_since_rest":60813,"minecraft:damage_taken":4329,"minecraft:swim_one_cm":13203,"minecraft:fly_one_cm":244084,"minecraft:freezer_opened":8,"minecraft:open_chest":18,"minecraft:fall_one_cm":43930},"minecraft:mined":{"create:deepslate_zinc_ore":26,"embellishcraft:sturdy_steel_door":1,"embellishcraft:light_gray_couch":1,"embellishcraft:spruce_wooden_crate":4,"farmersdelight:tomato_crate":1,"create:horizontal_framed_glass":1,"minecraft:granite":10,"minecraft:grass_block":62,"minecraft:coal_block":4,"minecraft:spawner":20,"minecraft:smooth_stone":8,"create:vertical_framed_glass":2,"minecraft:iron_ore":15,"minecraft:cobbled_deepslate":1,"minecraft:fire":1,"immersiveengineering:deepslate_ore_silver":13,"quark:golden_apple_crate":1,"minecraft:deepslate_lapis_ore":3,"minecraft:anvil":1,"immersiveengineering:deepslate_ore_nickel":1,"biomesoplenty:redwood_door":2,"minecraft:brown_bed":3,"biomesoplenty:redwood_log":23,"create:polished_cut_limestone":1,"minecraft:small_amethyst_bud":1,"immersiveengineering:ore_lead":2,"minecraft:iron_block":5,"create:limestone":20,"quark:potato_crate":4,"minecraft:deepslate_redstone_ore":17,"minecraft:cyan_terracotta":2,"cfm:oak_hedge":1,"minecraft:amethyst_cluster":7,"apocalypsenow:money_block":7,"minecraft:torch":11,"minecraft:calcite":11,"create:framed_glass":2,"embellishcraft:polished_marble":1,"minecraft:smooth_quartz_slab":1,"minecraft:cobblestone":28,"minecraft:sugar_cane":2,"tac:workbench":1,"minecraft:wall_torch":13,"minecraft:amethyst_block":10,"minecraft:deepslate_copper_ore":3,"create:polished_cut_limestone_slab":4,"minecraft:light_gray_stained_glass":3,"immersiveengineering:deepslate_ore_lead":3,"quark:spruce_vertical_slab":2,"minecraft:tnt":3,"minecraft:smooth_stone_slab":3,"minecraft:grass":1,"minecraft:smooth_quartz":3,"quark:stone_vertical_slab":1,"minecraft:dirt":523,"minecraft:smooth_basalt":4,"simplylight:illuminant_block":1,"quark:oak_vertical_slab":3,"minecraft:oak_leaves":6,"minecraft:deepslate":48,"quark:smooth_quartz_vertical_slab":2,"minecraft:tuff":1,"minecraft:deepslate_diamond_ore":3,"minecraft:cyan_stained_glass":2,"minecraft:stone_button":1,"minecraft:birch_slab":1,"minecraft:moss_block":1,"immersivepetroleum:asphalt":2,"minecraft:furnace":14,"cfm:stone_chair":2,"minecraft:andesite":79,"minecraft:gold_block":3,"minecraft:deepslate_iron_ore":25,"minecraft:cobblestone_slab":3,"minecraft:stone":553,"minecraft:white_wool":2,"immersiveengineering:ore_aluminum":8,"minecraft:birch_stairs":1,"biomesoplenty:redwood_planks":18,"quark:smooth_stone_vertical_slab":1,"embellishcraft:marble":2,"minecraft:crafting_table":12,"minecraft:gray_stained_glass":14,"minecraft:stone_slab":1,"minecraft:copper_ore":19,"minecraft:deepslate_gold_ore":21,"minecraft:lapis_ore":6,"minecraft:diorite":96,"immersiveengineering:concrete":4,"quark:carrot_crate":3,"minecraft:birch_planks":1,"quark:apple_crate":1,"embellishcraft:smooth_marble":17,"minecraft:coal_ore":28,"biomesoplenty:redwood_leaves":90,"minecraft:gravel":27,"minecraft:gray_carpet":3,"minecraft:cobweb":25,"quark:calcite_bricks_vertical_slab":1,"minecraft:stone_bricks":29,"minecraft:mossy_stone_bricks":1}},"DataVersion":2975}