{"stats":{"minecraft:killed_by":{"minecraft:husk":2,"undead_revamp2:the_moonflower":7,"zombie_extreme:runner":1,"minecraft:zombie":11},"minecraft:broken":{"apocalypsenow:police_helmet":1,"apocalypsenow:tatical_mace":1,"minecraft:wooden_pickaxe":1,"apocalypsenow:fire_figther_helmet":1},"minecraft:crafted":{"minecraft:cooked_chicken":7,"firstaid:plaster":16,"minecraft:cooked_mutton":14,"minecraft:iron_axe":1,"minecraft:chest":1,"minecraft:birch_button":2,"tac:round45":64,"tac:58x42":48,"minecraft:diamond_axe":1,"minecraft:crafting_table":6,"biomesoplenty:redwood_planks":12,"minecraft:baked_potato":6,"apocalypsenow:medicalkit":8,"minecraft:iron_sword":1,"minecraft:air":607,"minecraft:white_wool":44,"minecraft:charcoal":25,"minecraft:gold_nugget":9,"minecraft:shield":1,"sophisticatedbackpacks:diamond_backpack":1,"minecraft:stick":4,"apocalypsenow:cooked_human_flesh":1,"minecraft:iron_pickaxe":1,"minecraft:gold_ingot":18},"minecraft:killed":{"hordes:zombie_player":1,"alexsmobs:raccoon":2,"undead_revamp2:thesmoker":10,"undead_revamp2:bomber":1,"minecraft:drowned":1,"zombiemobs:zombie_cow":1,"zombie_extreme:runner":7,"zombie_extreme:crawler":3,"minecraft:husk":21,"undead_revamp2:the_moonflower":11,"minecraft:zombie":176,"zombie_extreme:infected_police":6,"alexsmobs:fly":1},"minecraft:used":{"minecraft:moss_block":1,"biomesoplenty:redwood_planks":274,"minecraft:spruce_slab":1,"minecraft:chest":1,"farmersdelight:cabbage":5,"farmersdelight:melon_juice":12,"quark:stone_vertical_slab":1,"minecraft:cooked_chicken":6,"minecraft:torch":31,"minecraft:dirt":9,"apocalypsenow:apple_juice":5,"apocalypsenow:grape_juice":6,"embellishcraft:smooth_marble":6,"farmersdelight:fried_rice":1,"minecraft:iron_block":1,"minecraft:iron_axe":10,"minecraft:quartz_block":2,"farmersdelight:melon_popsicle":1,"apocalypsenow:porpsi":2,"apocalypsenow:bayonet":6,"farmersdelight:shepherds_pie_block":1,"minecraft:light_gray_bed":1,"farmersdelight:beef_stew":3,"minecraft:cooked_mutton":2,"farmersdelight:roast_chicken_block":2,"minecraft:baked_potato":6,"minecraft:wooden_pickaxe":46,"farmersdelight:barbecue_stick":1,"minecraft:diamond_axe":313,"minecraft:white_wool":1,"farmersdelight:onion":26,"farmersdelight:chicken_sandwich":5,"minecraft:crafting_table":6,"minecraft:white_bed":2,"apocalypsenow:coke":7,"minecraft:gray_terracotta":2,"apocalypsenow:tatical_mace":627,"farmersdelight:apple_cider":1,"minecraft:bread":8,"minecraft:iron_pickaxe":182,"cgm:grenade":2,"minecraft:stone_slab":1,"minecraft:diamond_ore":5,"minecraft:iron_door":1,"minecraft:potion":56,"minecraft:cobblestone":17,"apocalypsenow:peach_juice":4,"minecraft:smooth_stone_slab":10,"embellishcraft:polished_marble":2},"minecraft:picked_up":{"biomesoplenty:redwood_log":385,"tac:mk23":2,"quark:stone_vertical_slab":8,"apocalypsenow:fire_figther_boots":3,"minecraft:stone_slab":12,"minecraft:gold_block":2,"minecraft:potion":23,"quark:gunpowder_sack":8,"refinedstorage:controller":1,"create:bar_of_chocolate":7,"embellishcraft:white_steel_door":1,"minecraft:string":258,"minecraft:iron_axe":1,"minecraft:flint_and_steel":2,"minecraft:smooth_stone_slab":10,"create:andesite_bars":1,"farmersdelight:fried_rice":1,"minecraft:cobbled_deepslate":1,"minecraft:smooth_stone":2,"farmersdelight:cabbage":5,"apocalypsenow:construction_boots":3,"minecraft:smooth_quartz":1,"minecraft:iron_pickaxe":2,"minecraft:spruce_slab":1,"minecraft:sugar_cane":4,"minecraft:smooth_quartz_stairs":1,"embellishcraft:oak_table":1,"minecraft:stick":30,"minecraft:sandstone":2,"embellishcraft:smooth_marble":15,"tac:m4":2,"minecraft:torch":9,"apocalypsenow:plank":6,"minecraft:spruce_stairs":1,"sophisticatedbackpacks:backpack":1,"minecraft:carrot":3,"tac:b_magnum":10,"minecraft:tnt":2,"farmersdelight:melon_popsicle":3,"minecraft:quartz_block":2,"biomesoplenty:redwood_planks":49,"minecraft:light_gray_bed":1,"minecraft:rotten_flesh":186,"embellishcraft:oak_terrace_chair":1,"farmersdelight:onion":11,"farmersdelight:hamburger":3,"minecraft:iron_block":13,"minecraft:cyan_terracotta":6,"apocalypsenow:police_chestplate":2,"farmersdelight:beef_stew":2,"minecraft:gold_ingot":18,"firstaid:bandage":3,"apocalypsenow:police_boots":2,"biomesoplenty:redwood_sapling":21,"farmersdelight:melon_juice":8,"minecraft:mutton":33,"apocalypsenow:fire_figther_chestplate":5,"minecraft:white_wool":3,"minecraft:cobblestone":30,"tac:round45":26,"minecraft:leather_chestplate":1,"minecraft:lilac":1,"apocalypsenow:peach_juice":4,"minecraft:iron_door":5,"minecraft:leather":2,"minecraft:potato":14,"minecraft:birch_planks":4,"embellishcraft:polished_marble":4,"minecraft:oak_log":5,"farmersdelight:roast_chicken_block":1,"minecraft:gunpowder":4,"artifacts:cloud_in_a_bottle":2,"apocalypsenow:construction_chestplate":5,"another_furniture:light_gray_curtain":1,"farmersdelight:chicken_sandwich":6,"minecraft:stripped_birch_log":2,"minecraft:dirt":21,"farmersdelight:shepherds_pie_block":1,"cgm:grenade":2,"embellishcraft:gneiss_large_bricks_wall":2,"minecraft:cooked_mutton":2,"minecraft:bone":200,"apocalypsenow:construction_leggings":4,"minecraft:stone_bricks":2,"minecraft:gray_terracotta":6,"apocalypsenow:human_flesh":16,"apocalypsenow:money":95,"minecraft:iron_ingot":28,"minecraft:cooked_chicken":1,"farmersdelight:egg_sandwich":3,"apocalypsenow:fire_figther_helmet":2,"minecraft:glass_bottle":4,"tac:9mm_round":113,"minecraft:moss_block":4,"apocalypsenow:police_helmet":2,"minecraft:oak_planks":1,"tac:ae50":19,"another_furniture:spruce_table":1,"firstaid:plaster":12,"minecraft:emerald_block":4,"patchouli:guide_book":1,"apocalypsenow:tatical_mace":3,"apocalypsenow:chips":6,"apocalypsenow:police_leggings":1,"minecraft:white_bed":2,"apocalypsenow:coke":29,"embellishcraft:oak_terrace_table":2,"immersiveengineering:seed":1,"minecraft:diamond":9,"xpbook:xp_tome":4,"quark:oak_hedge":1,"minecraft:emerald":19,"minecraft:bread":2,"farmersdelight:barbecue_stick":7,"create:framed_glass_door":2,"alexsmobs:maggot":2,"minecraft:baked_potato":6,"quark:gray_shard":71,"minecraft:oak_sapling":1,"minecraft:smooth_quartz_slab":1,"quark:gray_framed_glass":5},"minecraft:dropped":{"farmersdelight:hamburger":3,"minecraft:tnt":2,"minecraft:smooth_quartz_stairs":1,"apocalypsenow:police_leggings":1,"xpbook:xp_tome":2,"apocalypsenow:tatical_mace":1,"minecraft:stick":14,"farmersdelight:melon_popsicle":3,"minecraft:torch":8,"minecraft:mutton":33,"minecraft:smooth_quartz_slab":1,"apocalypsenow:chips":6,"minecraft:iron_axe":1,"farmersdelight:egg_sandwich":3,"minecraft:string":1,"minecraft:bone":16,"farmersdelight:barbecue_stick":7,"farmersdelight:melon_juice":3,"minecraft:cooked_chicken":1,"minecraft:rotten_flesh":11,"sophisticatedbackpacks:backpack":1,"minecraft:cooked_mutton":11,"farmersdelight:chicken_sandwich":7,"minecraft:potato":12,"create:bar_of_chocolate":7,"apocalypsenow:construction_chestplate":1,"apocalypsenow:coke":13},"minecraft:custom":{"lootr:looted_stat":98,"minecraft:interact_with_anvil":1,"minecraft:mob_kills":247,"minecraft:interact_with_crafting_table":28,"minecraft:open_barrel":4,"minecraft:damage_dealt_resisted":1460,"minecraft:leave_game":3,"minecraft:time_since_death":22098,"minecraft:climb_one_cm":111668,"minecraft:sprint_one_cm":661170,"minecraft:walk_one_cm":1986468,"minecraft:fridge_opened":3,"minecraft:drop":42,"minecraft:chair_used":1,"minecraft:damage_dealt_absorbed":3,"minecraft:talked_to_villager":6,"minecraft:play_time":444113,"minecraft:sneak_time":9617,"minecraft:deaths":27,"minecraft:walk_under_water_one_cm":2582,"minecraft:drawer_searched":10,"minecraft:jump":2544,"minecraft:walk_on_water_one_cm":20873,"minecraft:total_world_time":444113,"minecraft:interact_with_furnace":30,"minecraft:toilet_used":2,"minecraft:traded_with_villager":20,"minecraft:stove_opened":12,"minecraft:trashcan_opened":1,"minecraft:sleep_in_bed":8,"minecraft:cabinet_searched":4,"minecraft:time_since_rest":22169,"minecraft:damage_taken":9904,"minecraft:damage_dealt":43853,"minecraft:swim_one_cm":1809,"minecraft:freezer_opened":5,"minecraft:fly_one_cm":441113,"minecraft:player_kills":1,"minecraft:open_chest":12,"minecraft:crouch_one_cm":18718,"minecraft:fall_one_cm":121684},"minecraft:mined":{"minecraft:diamond_ore":5,"minecraft:white_bed":2,"embellishcraft:white_steel_door":1,"farmersdelight:roast_chicken_block":1,"minecraft:jungle_leaves":1,"minecraft:stripped_birch_log":2,"minecraft:gray_stained_glass_pane":13,"minecraft:grass_block":15,"minecraft:light_gray_bed":1,"minecraft:birch_slab":2,"minecraft:moss_block":4,"minecraft:sandstone":2,"minecraft:spawner":28,"minecraft:smooth_stone":3,"minecraft:black_stained_glass_pane":10,"create:framed_glass_pane":2,"minecraft:gold_block":2,"biomesoplenty:redwood_log":4,"minecraft:potted_spruce_sapling":1,"minecraft:smooth_quartz_stairs":1,"minecraft:iron_block":10,"minecraft:stone":30,"minecraft:white_wool":2,"create:dark_oak_window_pane":8,"minecraft:spruce_slab":1,"apocalypsenow:planksc":2,"biomesoplenty:smooth_white_sandstone_stairs":1,"create:andesite_bars":1,"minecraft:gray_terracotta":6,"biomesoplenty:redwood_planks":81,"minecraft:quartz_block":5,"minecraft:cyan_terracotta":8,"embellishcraft:oak_terrace_table":2,"minecraft:torch":4,"minecraft:gray_stained_glass":20,"another_furniture:spruce_table":1,"embellishcraft:polished_marble":4,"minecraft:stone_slab":6,"minecraft:smooth_quartz_slab":1,"quark:gray_framed_glass":5,"minecraft:oak_planks":1,"minecraft:sugar_cane":2,"minecraft:iron_door":5,"minecraft:wall_torch":2,"minecraft:spruce_stairs":1,"minecraft:birch_planks":9,"farmersdelight:shepherds_pie_block":1,"embellishcraft:oak_table":1,"minecraft:lilac":1,"quark:gunpowder_sack":6,"minecraft:smooth_stone_slab":11,"minecraft:grass":32,"embellishcraft:smooth_marble":8,"biomesoplenty:clover":4,"create:vertical_framed_glass_pane":5,"quark:oak_hedge":1,"biomesoplenty:redwood_leaves":5,"another_furniture:light_gray_curtain":1,"quark:stone_vertical_slab":7,"minecraft:dirt":12,"minecraft:cobweb":68,"biomesoplenty:redwood_sapling":3,"minecraft:stone_bricks":2,"minecraft:oak_leaves":5,"minecraft:emerald_block":4}},"DataVersion":2975}