{"stats":{"minecraft:killed_by":{"minecraft:husk":2,"undead_revamp2:the_moonflower":1,"hordes:zombie_player":1,"zombiemobs:zombie_dolphin":2,"zombie_extreme:infected_police":1,"minecraft:zombie":11,"zombie_extreme:crawler":1},"minecraft:broken":{"apocalypsenow:police_boots":1,"apocalypsenow:police_helmet":1,"apocalypsenow:fire_figther_helmet":1,"minecraft:stone_axe":1,"minecraft:wooden_axe":1,"apocalypsenow:combat_knife":1},"minecraft:crafted":{"firstaid:plaster":1,"minecraft:stone_pickaxe":1,"biomesoplenty:redwood_sign":3,"minecraft:diamond_axe":1,"biomesoplenty:redwood_door":3,"minecraft:crafting_table":5,"biomesoplenty:redwood_planks":24,"minecraft:wooden_pickaxe":2,"minecraft:golden_pickaxe":1,"minecraft:air":411,"minecraft:white_wool":9,"minecraft:stick":12,"minecraft:iron_pickaxe":1,"minecraft:wooden_axe":1,"firstaid:bandage":3,"minecraft:shears":1},"minecraft:killed":{"hordes:zombie_player":9,"undead_revamp2:thesmoker":14,"undead_revamp2:bomber":6,"undead_revamp2:crackleball":1,"zombie_extreme:runner":4,"zombiemobs:zombie_cow":1,"minecraft:husk":20,"minecraft:zombie_villager":1,"undead_revamp2:the_moonflower":10,"minecraft:bat":2,"undead_revamp2:theordure":2,"minecraft:zombie":205,"zombie_extreme:infected_police":1},"minecraft:picked_up":{"biomesoplenty:redwood_log":246,"sophisticatedbackpacks:gold_backpack":1,"minecraft:allium":1,"minecraft:crafting_table":3,"tac:glock_17":2,"minecraft:anvil":1,"tac:sti2011":2,"minecraft:brown_bed":1,"minecraft:gold_block":2,"minecraft:potion":6,"create:bar_of_chocolate":8,"minecraft:string":271,"minecraft:flint_and_steel":2,"pfm:oak_gray_simple_bed":5,"quark:polished_calcite_vertical_slab":2,"apocalypsenow:medicalkit":1,"minecraft:cobbled_deepslate":4,"minecraft:smooth_stone":3,"apocalypsenow:construction_boots":5,"embellishcraft:sturdy_steel_door":2,"minecraft:iron_pickaxe":2,"minecraft:stick":23,"embellishcraft:smooth_marble":1,"minecraft:torch":56,"minecraft:bowl":1,"chalk:blue_chalk":2,"minecraft:carrot":2,"tac:b_magnum":28,"apocalypsenow:fire_figther_leggings":1,"biomesoplenty:redwood_planks":47,"minecraft:light_gray_bed":1,"minecraft:rotten_flesh":172,"minecraft:iron_block":4,"minecraft:cyan_terracotta":2,"biomesoplenty:redwood_sapling":13,"apocalypsenow:police_chestplate":2,"apocalypsenow:police_boots":2,"minecraft:gold_ingot":18,"firstaid:bandage":4,"refinedstorage:1k_storage_part":2,"minecraft:white_wool":4,"minecraft:cobblestone":18,"apocalypsenow:u_sarmy_boots":4,"tac:round45":32,"minecraft:iron_door":3,"minecraft:potato":1,"embellishcraft:polished_marble":22,"contenttweaker:rubber":6,"minecraft:gunpowder":58,"refinedstorage:improved_processor":2,"minecraft:dirt":29,"minecraft:bone":317,"apocalypsenow:construction_leggings":1,"minecraft:apple":1,"apocalypsenow:human_flesh":21,"minecraft:wheat_seeds":2,"apocalypsenow:money":27,"minecraft:iron_ingot":70,"minecraft:mossy_stone_bricks":2,"apocalypsenow:fire_figther_helmet":2,"minecraft:glass_bottle":1,"tac:9mm_round":77,"apocalypsenow:electric_baton":4,"apocalypsenow:police_helmet":2,"embellishcraft:white_spruce_fancy_bed":2,"tac:ae50":52,"quark:light_gray_shard":4,"minecraft:emerald_block":1,"apocalypsenow:royal_canada_police_officer_leggings":1,"apocalypsenow:small_can":3,"chalk:red_chalk":2,"minecraft:mossy_cobblestone":2,"tac:mp7":2,"minecraft:diamond":2,"immersiveengineering:seed":4,"minecraft:stone_axe":1,"quark:gray_shard":6,"minecraft:emerald":18,"minecraft:bread":16,"apocalypsenow:construction_helmet":2,"apocalypsenow:scissorst":1,"quark:gray_framed_glass":1},"minecraft:used":{"pfm:oak_gray_simple_bed":5,"biomesoplenty:redwood_door":3,"minecraft:flint_and_steel":28,"biomesoplenty:redwood_planks":333,"farmersdelight:melon_juice":2,"minecraft:torch":92,"minecraft:dirt":20,"apocalypsenow:grape_juice":3,"minecraft:carrot":5,"minecraft:allium":1,"apocalypsenow:orange_juice":3,"biomesoplenty:redwood_sign":1,"biomesoplenty:redwood_log":54,"minecraft:wooden_axe":1,"farmersdelight:vegetable_soup":3,"minecraft:cyan_terracotta":1,"apocalypsenow:baseball_bat":17,"apocalypsenow:open_canned_fish":2,"apocalypsenow:scissorst":1,"farmersdelight:melon_popsicle":12,"embellishcraft:white_spruce_fancy_bed":1,"apocalypsenow:porpsi":13,"apocalypsenow:combat_knife":603,"apocalypsenow:open_canned_pork":1,"minecraft:cobbled_deepslate":1,"minecraft:light_gray_bed":1,"minecraft:brown_bed":1,"farmersdelight:hamburger":2,"minecraft:mossy_stone_bricks":2,"apocalypsenow:vodka":1,"apocalypsenow:electric_baton":8,"minecraft:stone_pickaxe":4,"biomesoplenty:redwood_sapling":2,"minecraft:wooden_pickaxe":9,"minecraft:diamond_axe":537,"quark:gray_framed_glass":1,"minecraft:mossy_cobblestone":1,"minecraft:crafting_table":8,"minecraft:bread":3,"minecraft:iron_pickaxe":69,"cgm:grenade":1,"minecraft:stone_axe":19,"minecraft:cobblestone":7,"minecraft:potion":7,"minecraft:golden_pickaxe":20,"create:bar_of_chocolate":1,"embellishcraft:polished_marble":12,"minecraft:smooth_stone":3},"minecraft:dropped":{"apocalypsenow:human_flesh":3,"minecraft:wheat_seeds":1,"minecraft:glass_bottle":1,"embellishcraft:white_spruce_fancy_bed":1,"minecraft:potion":5,"minecraft:bone":2,"farmersdelight:melon_juice":3,"apocalypsenow:small_can":4,"minecraft:rotten_flesh":2,"immersiveengineering:seed":1},"minecraft:custom":{"lootr:looted_stat":49,"minecraft:mob_kills":343,"minecraft:interact_with_crafting_table":28,"minecraft:open_barrel":3,"minecraft:open_shulker_box":1,"minecraft:damage_dealt_resisted":7297,"minecraft:leave_game":21,"minecraft:time_since_death":2755,"minecraft:climb_one_cm":63334,"minecraft:sprint_one_cm":373961,"minecraft:walk_one_cm":1360011,"minecraft:drop":21,"minecraft:chair_used":1,"minecraft:talked_to_villager":3,"minecraft:play_time":311513,"minecraft:deaths":24,"minecraft:sneak_time":14228,"minecraft:walk_under_water_one_cm":6624,"minecraft:jump":3148,"minecraft:walk_on_water_one_cm":11438,"minecraft:total_world_time":311513,"minecraft:interact_with_furnace":8,"minecraft:toilet_used":7,"minecraft:trashcan_opened":2,"minecraft:sleep_in_bed":7,"minecraft:cabinet_searched":3,"minecraft:time_since_rest":2833,"minecraft:damage_taken":8154,"minecraft:damage_dealt":62789,"minecraft:fly_one_cm":198097,"minecraft:freezer_opened":3,"minecraft:open_chest":13,"minecraft:crouch_one_cm":32595,"minecraft:fall_one_cm":43834},"minecraft:mined":{"farmersdelight:honey_glazed_ham_block":1,"embellishcraft:sturdy_steel_door":2,"minecraft:mossy_cobblestone":2,"minecraft:gray_stained_glass_pane":1,"minecraft:grass_block":24,"minecraft:light_gray_bed":3,"minecraft:spruce_leaves":1,"cfm:gray_picket_fence":1,"minecraft:spawner":6,"minecraft:smooth_stone":3,"minecraft:cobbled_deepslate":4,"minecraft:fire":2,"minecraft:anvil":1,"minecraft:gold_block":2,"minecraft:brown_bed":1,"biomesoplenty:redwood_log":14,"minecraft:iron_bars":6,"minecraft:stone":7,"minecraft:iron_block":4,"create:dark_oak_window_pane":2,"biomesoplenty:redwood_planks":37,"minecraft:quartz_block":1,"minecraft:cyan_terracotta":4,"minecraft:crafting_table":4,"minecraft:torch":5,"minecraft:gray_stained_glass":3,"embellishcraft:polished_marble":16,"quark:gray_framed_glass":1,"minecraft:cobblestone":10,"minecraft:oak_planks":1,"minecraft:iron_door":3,"minecraft:wall_torch":3,"minecraft:light_gray_stained_glass":1,"embellishcraft:white_spruce_fancy_bed":2,"minecraft:grass":14,"embellishcraft:smooth_marble":1,"biomesoplenty:clover":11,"biomesoplenty:redwood_leaves":36,"minecraft:dirt":5,"pfm:oak_gray_simple_bed":5,"minecraft:mossy_stone_bricks":2,"minecraft:oak_leaves":5,"minecraft:emerald_block":1,"minecraft:deepslate":3}},"DataVersion":2975}