{"stats":{"minecraft:killed_by":{"minecraft:husk":6,"undead_revamp2:the_moonflower":6,"minecraft:drowned":1,"zombie_extreme:infected_police":3,"minecraft:zombie":7},"minecraft:broken":{"apocalypsenow:u_sarmy_chestplate":1,"minecraft:iron_pickaxe":1},"minecraft:crafted":{"minecraft:leather_leggings":1,"firstaid:plaster":2,"minecraft:diamond":11,"minecraft:leather":31,"minecraft:stone_pickaxe":1,"minecraft:chest":1,"sophisticatedbackpacks:backpack":1,"minecraft:crafting_table":3,"biomesoplenty:redwood_planks":36,"minecraft:iron_sword":1,"minecraft:stone_axe":1,"minecraft:air":320,"minecraft:white_wool":9,"minecraft:charcoal":5,"minecraft:diamond_pickaxe":1,"minecraft:stick":16,"minecraft:iron_pickaxe":2,"minecraft:shears":1},"minecraft:killed":{"undead_revamp2:thesmoker":7,"undead_revamp2:bomber":2,"zombie_extreme:crawler":2,"minecraft:husk":19,"undead_revamp2:the_moonflower":3,"minecraft:bat":1,"minecraft:zombie":124,"zombie_extreme:infected_police":4,"alexsmobs:fly":1},"minecraft:used":{"minecraft:iron_bars":5,"minecraft:stone_sword":31,"minecraft:flint_and_steel":16,"biomesoplenty:redwood_planks":7,"minecraft:iron_sword":184,"farmersdelight:melon_juice":8,"minecraft:torch":91,"minecraft:dirt":13,"apocalypsenow:apple_juice":4,"apocalypsenow:fire_figther_helmet":1,"farmersdelight:roast_chicken":1,"apocalypsenow:coffee":2,"farmersdelight:vegetable_soup":1,"farmersdelight:fried_rice":1,"minecraft:quartz_slab":1,"farmersdelight:glow_berry_custard":2,"embellishcraft:white_spruce_fancy_bed":1,"apocalypsenow:porpsi":8,"minecraft:furnace":5,"minecraft:cobbled_deepslate":141,"farmersdelight:hamburger":1,"apocalypsenow:vodka":2,"minecraft:diorite":38,"minecraft:stone_pickaxe":44,"minecraft:oak_planks":1,"minecraft:wooden_pickaxe":7,"minecraft:diamond_axe":100,"minecraft:golden_apple":1,"minecraft:crafting_table":9,"apocalypsenow:coke":3,"another_furniture:light_gray_sofa":2,"minecraft:diamond_pickaxe":284,"farmersdelight:apple_cider":5,"minecraft:iron_pickaxe":247,"minecraft:bread":1,"cgm:grenade":1,"minecraft:stone_axe":16,"apocalypsenow:dagger":391,"minecraft:wooden_sword":101,"minecraft:cobblestone":6,"minecraft:potion":15,"farmersdelight:honey_glazed_ham":1,"pfm:oak_gray_simple_bed":2},"minecraft:picked_up":{"minecraft:wooden_axe":1,"biomesoplenty:redwood_log":42,"sophisticatedbackpacks:gold_backpack":1,"quark:carrot_crate":1,"apocalypsenow:bread_knife":1,"minecraft:crafting_table":2,"minecraft:anvil":1,"minecraft:leather_leggings":1,"minecraft:gold_block":7,"minecraft:potion":3,"quark:gunpowder_sack":2,"minecraft:amethyst_block":11,"minecraft:string":195,"minecraft:raw_copper":44,"minecraft:flint_and_steel":1,"artifacts:feral_claws":1,"pfm:oak_gray_simple_bed":3,"minecraft:quartz_slab":1,"embellishcraft:smooth_basalt":3,"minecraft:cobbled_deepslate":215,"apocalypsenow:construction_boots":1,"minecraft:spruce_planks":1,"apocalypsenow:forestguard_chestplate":1,"another_furniture:light_gray_sofa":2,"minecraft:calcite":5,"minecraft:smooth_quartz":1,"minecraft:iron_pickaxe":1,"minecraft:smooth_quartz_stairs":1,"minecraft:furnace":3,"cfm:cyan_kitchen_counter":1,"minecraft:stick":15,"minecraft:raw_iron":9,"minecraft:torch":59,"minecraft:bowl":1,"sophisticatedbackpacks:backpack":1,"minecraft:diorite":38,"minecraft:carrot":4,"minecraft:redstone":4,"tac:b_magnum":13,"quark:iron_button":1,"biomesoplenty:redwood_planks":10,"apocalypsenow:porpsi":19,"minecraft:rotten_flesh":182,"create:ochrum":3,"minecraft:brown_shulker_box":1,"minecraft:iron_block":10,"minecraft:cyan_terracotta":5,"apocalypsenow:police_boots":1,"firstaid:bandage":4,"minecraft:cobblestone":47,"minecraft:iron_bars":9,"apocalypsenow:fire_figther_chestplate":1,"minecraft:white_wool":2,"cfm:gray_picket_fence":1,"tac:round45":37,"minecraft:iron_door":1,"minecraft:andesite":21,"minecraft:birch_planks":9,"embellishcraft:polished_marble":3,"create:raw_zinc":9,"create:brass_block":8,"minecraft:oak_log":4,"immersivepetroleum:asphalt":1,"minecraft:lapis_lazuli":88,"minecraft:dirt":18,"minecraft:bone":244,"apocalypsenow:construction_leggings":1,"minecraft:apple":4,"minecraft:stone_bricks":12,"minecraft:wheat_seeds":2,"apocalypsenow:human_flesh":12,"minecraft:raw_gold":15,"tac:deagle_357":1,"farmersdelight:apple_cider":1,"apocalypsenow:money":2,"minecraft:iron_ingot":1,"refinedstorage:cable":7,"apocalypsenow:fire_figther_helmet":2,"immersiveengineering:storage_steel":3,"minecraft:glass_bottle":4,"tac:9mm_round":80,"embellishcraft:white_spruce_fancy_bed":1,"minecraft:iron_sword":1,"tac:ae50":28,"quark:light_gray_shard":6,"apocalypsenow:u_sarmy_chestplate":1,"minecraft:smooth_basalt":4,"minecraft:emerald_block":3,"apocalypsenow:royal_canada_police_officer_leggings":1,"quark:oak_vertical_slab":2,"apocalypsenow:police_leggings":1,"minecraft:birch_stairs":1,"minecraft:sand":3,"apocalypsenow:dagger":1,"apocalypsenow:royal_canada_police_officer_helmet":1,"minecraft:mossy_cobblestone":1,"immersiveengineering:seed":2,"xpbook:xp_tome":1,"minecraft:stone_axe":1,"minecraft:granite":42,"minecraft:diamond_axe":1,"minecraft:bone_meal":1,"minecraft:oak_sapling":2,"minecraft:emerald":5,"minecraft:bread":8,"embellishcraft:air_duct":3,"quark:gray_shard":36,"apocalypsenow:construction_helmet":1,"farmersdelight:honey_cookie":1,"rocks:cobblestone_splitter":1,"quark:gray_framed_glass":2},"minecraft:dropped":{"apocalypsenow:human_flesh":5,"minecraft:glass_bottle":4,"apocalypsenow:medicalkit":1,"quark:gray_shard":6,"refinedstorage:cable":7,"minecraft:emerald":10,"minecraft:iron_pickaxe":1,"minecraft:birch_stairs":1,"minecraft:bone":6,"farmersdelight:melon_juice":2,"sophisticatedbackpacks:backpack":1,"apocalypsenow:bread_knife":1,"pipez:energy_pipe":13,"artifacts:running_shoes":1},"minecraft:custom":{"minecraft:inspect_dropper":1,"lootr:looted_stat":59,"minecraft:mob_kills":179,"minecraft:interact_with_crafting_table":36,"minecraft:open_barrel":3,"minecraft:open_shulker_box":1,"minecraft:damage_dealt_resisted":3019,"minecraft:leave_game":3,"minecraft:time_since_death":2262,"minecraft:climb_one_cm":46966,"minecraft:sprint_one_cm":412707,"minecraft:walk_one_cm":1254829,"minecraft:fridge_opened":17,"minecraft:drop":23,"minecraft:chair_used":1,"minecraft:talked_to_villager":3,"minecraft:play_time":325984,"minecraft:deaths":28,"minecraft:sneak_time":23570,"minecraft:walk_under_water_one_cm":6183,"minecraft:jump":2493,"minecraft:walk_on_water_one_cm":42401,"minecraft:total_world_time":325984,"minecraft:interact_with_furnace":45,"minecraft:stove_opened":2,"minecraft:interact_with_stonecutter":1,"minecraft:sleep_in_bed":8,"minecraft:time_since_rest":2290,"minecraft:cabinet_searched":3,"minecraft:damage_taken":10954,"minecraft:damage_dealt":25831,"minecraft:swim_one_cm":3775,"minecraft:freezer_opened":8,"minecraft:fly_one_cm":290273,"minecraft:open_chest":12,"minecraft:crouch_one_cm":48054,"minecraft:inspect_dispenser":1,"minecraft:fall_one_cm":71856},"minecraft:mined":{"create:deepslate_zinc_ore":9,"minecraft:spruce_planks":1,"embellishcraft:air_duct":3,"minecraft:mossy_cobblestone":2,"minecraft:granite":54,"minecraft:grass_block":1,"create:ochrum":3,"minecraft:moss_block":1,"rocks:rock":1,"minecraft:spawner":8,"embellishcraft:smooth_basalt":4,"immersivepetroleum:asphalt":1,"minecraft:furnace":2,"create:framed_glass_pane":2,"minecraft:iron_ore":9,"minecraft:cobbled_deepslate":121,"minecraft:fire":13,"minecraft:andesite":21,"quark:polished_calcite":1,"minecraft:anvil":1,"minecraft:deepslate_lapis_ore":8,"minecraft:gold_block":7,"biomesoplenty:redwood_log":19,"minecraft:iron_bars":3,"minecraft:quartz_slab":1,"minecraft:smooth_quartz_stairs":1,"minecraft:stone":45,"minecraft:iron_block":13,"minecraft:white_wool":1,"minecraft:deepslate_redstone_ore":2,"minecraft:brown_shulker_box":1,"minecraft:birch_stairs":1,"biomesoplenty:redwood_planks":3,"minecraft:cyan_terracotta":8,"minecraft:amethyst_cluster":1,"minecraft:crafting_table":2,"minecraft:torch":3,"minecraft:calcite":5,"minecraft:gray_stained_glass":10,"embellishcraft:polished_marble":3,"minecraft:copper_ore":12,"quark:gray_framed_glass":2,"minecraft:cobblestone":2,"minecraft:deepslate_gold_ore":9,"minecraft:lapis_ore":6,"minecraft:diorite":40,"minecraft:iron_door":1,"minecraft:wall_torch":4,"minecraft:amethyst_block":11,"minecraft:deepslate_copper_ore":1,"immersiveengineering:storage_steel":3,"minecraft:birch_planks":9,"minecraft:light_gray_stained_glass":2,"quark:gunpowder_sack":2,"embellishcraft:white_spruce_fancy_bed":1,"minecraft:grass":6,"biomesoplenty:clover":9,"create:vertical_framed_glass_pane":3,"minecraft:oak_log":4,"biomesoplenty:redwood_leaves":54,"minecraft:smooth_quartz":1,"minecraft:sand":3,"minecraft:dirt":16,"pfm:oak_gray_simple_bed":2,"minecraft:cobweb":1,"minecraft:smooth_basalt":4,"create:brass_block":8,"minecraft:stone_bricks":12,"cfm:cyan_kitchen_counter":1,"minecraft:gold_ore":7,"quark:polished_calcite_vertical_slab":2,"quark:oak_vertical_slab":1,"minecraft:oak_leaves":17,"minecraft:deepslate":106,"minecraft:emerald_block":3,"biomesoplenty:reed":10}},"DataVersion":2975}