{"stats":{"minecraft:killed_by":{"minecraft:player":1,"undead_revamp2:the_moonflower":3,"zombie_extreme:runner":1,"hordes:zombie_player":4,"minecraft:zombie":6,"undead_revamp2:thesmoker":2,"zombie_extreme:crawler":1},"minecraft:crafted":{"firstaid:plaster":1,"minecraft:cooked_mutton":2,"immersiveengineering:stick_steel":12,"minecraft:leather":35,"minecraft:chest":1,"tac:round45":64,"sophisticatedbackpacks:iron_backpack":1,"minecraft:crafting_table":5,"biomesoplenty:redwood_planks":4,"minecraft:wooden_pickaxe":2,"apocalypsenow:medicalkit":16,"sophisticatedbackpacks:gold_backpack":1,"tac:9mm_round":96,"minecraft:air":454,"minecraft:white_wool":10,"tac:762x54":96,"sophisticatedbackpacks:diamond_backpack":1,"minecraft:stick":12,"apocalypsenow:cooked_human_flesh":2,"minecraft:iron_pickaxe":1,"minecraft:white_bed":2},"minecraft:killed":{"hordes:zombie_player":4,"undead_revamp2:thesmoker":6,"minecraft:chicken":1,"zombie_extreme:runner":3,"minecraft:husk":20,"minecraft:zombie_villager":1,"undead_revamp2:the_moonflower":8,"minecraft:zombie":129,"zombie_extreme:infected_police":3,"mutationcraft:human_herder":1},"minecraft:picked_up":{"biomesoplenty:redwood_log":220,"quark:stone_vertical_slab":4,"minecraft:crafting_table":3,"tac:glock_17":3,"apocalypsenow:fire_figther_boots":1,"minecraft:chicken":2,"minecraft:anvil":4,"immersiveengineering:plate_duroplast":14,"minecraft:stone_slab":2,"minecraft:wooden_pickaxe":3,"apocalypsenow:u_sarmy_helmet":1,"minecraft:potion":9,"apocalypsenow:can_opener":1,"quark:gunpowder_sack":2,"refinedstorage:controller":2,"create:bar_of_chocolate":43,"minecraft:string":254,"minecraft:iron_axe":1,"minecraft:flint_and_steel":3,"pfm:oak_gray_simple_bed":1,"refinedstorage:crafting_grid":2,"farmersdelight:fried_rice":2,"apocalypsenow:construction_boots":1,"minecraft:spruce_planks":1,"minecraft:iron_pickaxe":2,"farmersdelight:kelp_roll_slice":1,"minecraft:stick":32,"refinedstorage:16k_storage_part":2,"tac:m4":3,"minecraft:torch":59,"minecraft:bowl":1,"sophisticatedbackpacks:backpack":3,"chalk:blue_chalk":1,"minecraft:carrot":1,"tac:b_magnum":20,"quark:spruce_vertical_slab":2,"apocalypsenow:fire_figther_leggings":1,"minecraft:tnt":3,"farmersdelight:melon_popsicle":3,"minecraft:quartz_block":2,"biomesoplenty:redwood_planks":202,"embellishcraft:spruce_plain_door":3,"embellishcraft:steel_door":2,"minecraft:rotten_flesh":166,"farmersdelight:hamburger":6,"minecraft:cyan_terracotta":1,"firstaid:bandage":2,"apocalypsenow:police_chestplate":2,"apocalypsenow:bikers_helmet":1,"farmersdelight:beef_stew":1,"minecraft:gold_ingot":8,"apocalypsenow:police_boots":4,"biomesoplenty:redwood_sapling":2,"farmersdelight:melon_juice":6,"minecraft:mutton":33,"apocalypsenow:fire_figther_chestplate":4,"minecraft:white_wool":17,"minecraft:cobblestone":1,"tac:round45":24,"minecraft:leather_chestplate":1,"minecraft:feather":4,"minecraft:iron_door":15,"another_furniture:spruce_planter_box":4,"minecraft:leather":20,"minecraft:potato":20,"embellishcraft:polished_marble":3,"contenttweaker:rubber":12,"minecraft:gunpowder":194,"artifacts:cloud_in_a_bottle":4,"apocalypsenow:construction_chestplate":6,"farmersdelight:chicken_sandwich":7,"minecraft:lapis_lazuli":30,"minecraft:dirt":20,"minecraft:lantern":1,"cgm:grenade":11,"minecraft:cooked_mutton":11,"minecraft:bone":256,"apocalypsenow:human_flesh":13,"apocalypsenow:money":144,"embellishcraft:spruce_wooden_crate":2,"tac:nato_556_bullet":24,"minecraft:iron_ingot":23,"minecraft:cooked_chicken":2,"refinedstorage:advanced_processor":1,"farmersdelight:egg_sandwich":6,"apocalypsenow:fire_figther_helmet":1,"minecraft:glowstone_dust":22,"minecraft:glass_bottle":3,"tac:9mm_round":66,"minecraft:moss_block":3,"apocalypsenow:police_helmet":3,"tac:ae50":119,"apocalypsenow:grape_juice":5,"firstaid:plaster":15,"apocalypsenow:u_sarmy_chestplate":1,"contenttweaker:resistant_fabric":2,"patchouli:guide_book":1,"contenttweaker:high_carbon_steel_alloy":1,"chalk:red_chalk":1,"apocalypsenow:tatical_mace":3,"embellishcraft:smooth_basalt_slab":1,"apocalypsenow:chips":6,"apocalypsenow:police_leggings":3,"apocalypsenow:vodka":3,"minecraft:white_bed":1,"minecraft:mossy_cobblestone":1,"apocalypsenow:coke":13,"tac:mp7":3,"minecraft:diamond":8,"quark:oak_hedge":1,"minecraft:gray_wool":6,"minecraft:bread":20,"farmersdelight:barbecue_stick":14,"embellishcraft:air_duct":1,"tac:762x39":25,"quark:gray_shard":7,"apocalypsenow:construction_helmet":2,"embellishcraft:light_gray_couch":1},"minecraft:used":{"pfm:oak_gray_simple_bed":1,"farmersdelight:kelp_roll_slice":6,"minecraft:flint_and_steel":16,"biomesoplenty:redwood_planks":255,"minecraft:spruce_planks":1,"quark:stone_vertical_slab":4,"minecraft:torch":82,"minecraft:dirt":4,"apocalypsenow:grape_juice":4,"farmersdelight:fish_stew":2,"minecraft:carrot":2,"biomesoplenty:redwood_log":2,"apocalypsenow:kitchen_knife":17,"minecraft:lantern":1,"apocalypsenow:baseball_bat":14,"apocalypsenow:combat_knife":238,"apocalypsenow:porpsi":9,"farmersdelight:salmon_roll":3,"farmersdelight:beef_stew":1,"minecraft:cooked_mutton":4,"apocalypsenow:vodka":1,"biomesoplenty:redwood_sapling":2,"minecraft:wooden_pickaxe":61,"minecraft:crafting_table":7,"minecraft:white_bed":3,"apocalypsenow:coke":9,"apocalypsenow:tatical_mace":765,"farmersdelight:apple_cider":2,"minecraft:bread":4,"quark:oak_hedge":1,"minecraft:iron_pickaxe":76,"cgm:grenade":4,"minecraft:stone_slab":1,"minecraft:iron_door":2,"minecraft:potion":29},"minecraft:dropped":{"quark:spruce_vertical_slab":1,"farmersdelight:hamburger":6,"minecraft:glass_bottle":1,"minecraft:diamond":4,"artifacts:cloud_in_a_bottle":1,"refinedstorage:16k_storage_part":1,"apocalypsenow:tatical_mace":1,"minecraft:stick":28,"farmersdelight:melon_popsicle":3,"biomesoplenty:redwood_log":137,"minecraft:mutton":33,"minecraft:iron_door":1,"apocalypsenow:chips":6,"minecraft:iron_axe":1,"embellishcraft:spruce_plain_door":2,"minecraft:iron_pickaxe":1,"farmersdelight:egg_sandwich":6,"artifacts:feral_claws":1,"minecraft:string":13,"minecraft:white_wool":12,"farmersdelight:melon_juice":6,"farmersdelight:barbecue_stick":14,"minecraft:cooked_chicken":2,"refinedstorage:controller":1,"farmersdelight:chicken_sandwich":6,"minecraft:potato":20,"create:bar_of_chocolate":7,"apocalypsenow:coke":13,"firstaid:plaster":4},"minecraft:custom":{"lootr:looted_stat":82,"minecraft:mob_kills":230,"minecraft:interact_with_crafting_table":14,"minecraft:open_barrel":2,"minecraft:microwave_used":1,"minecraft:damage_dealt_resisted":299,"minecraft:leave_game":4,"minecraft:time_since_death":134,"minecraft:climb_one_cm":93173,"minecraft:sprint_one_cm":663932,"minecraft:walk_one_cm":1316682,"minecraft:fridge_opened":22,"minecraft:drop":44,"minecraft:damage_dealt_absorbed":121,"minecraft:talked_to_villager":6,"minecraft:play_time":398544,"minecraft:deaths":21,"minecraft:sneak_time":27431,"minecraft:walk_under_water_one_cm":132,"minecraft:jump":2431,"minecraft:drawer_searched":3,"minecraft:walk_on_water_one_cm":5086,"minecraft:total_world_time":398544,"minecraft:interact_with_furnace":18,"minecraft:traded_with_villager":52,"minecraft:stove_opened":10,"minecraft:trashcan_opened":1,"minecraft:sleep_in_bed":11,"minecraft:cabinet_searched":4,"minecraft:time_since_rest":161,"minecraft:damage_taken":7095,"minecraft:damage_dealt":33032,"minecraft:swim_one_cm":448,"minecraft:freezer_opened":5,"minecraft:fly_one_cm":319853,"minecraft:open_chest":9,"minecraft:crouch_one_cm":60370,"minecraft:interact_with_smoker":1,"minecraft:fall_one_cm":61137},"minecraft:mined":{"minecraft:spruce_planks":1,"minecraft:white_bed":1,"embellishcraft:air_duct":1,"minecraft:mossy_cobblestone":1,"embellishcraft:light_gray_couch":1,"minecraft:gray_stained_glass_pane":2,"minecraft:cave_vines_plant":1,"minecraft:grass_block":15,"embellishcraft:smooth_basalt_slab":1,"minecraft:moss_block":3,"minecraft:spawner":49,"minecraft:fire":12,"minecraft:anvil":1,"biomesoplenty:redwood_log":19,"minecraft:lantern":1,"biomesoplenty:redwood_planks":5,"embellishcraft:steel_door":2,"quark:lavender_blossom_hedge":1,"minecraft:quartz_block":2,"minecraft:cyan_terracotta":1,"minecraft:crafting_table":2,"minecraft:torch":5,"minecraft:gray_stained_glass":2,"embellishcraft:polished_marble":3,"minecraft:stone_slab":2,"minecraft:iron_door":14,"minecraft:wall_torch":7,"minecraft:gray_wool":6,"farmersdelight:skillet":1,"quark:spruce_vertical_slab":1,"minecraft:grass":1,"biomesoplenty:clover":1,"create:vertical_framed_glass_pane":2,"quark:oak_hedge":1,"biomesoplenty:redwood_leaves":2,"quark:stone_vertical_slab":4,"minecraft:dirt":2,"pfm:oak_gray_simple_bed":1,"minecraft:cobweb":30,"another_furniture:spruce_planter_box":2,"minecraft:oak_leaves":5}},"DataVersion":2975}