{"stats":{"minecraft:killed":{"undead_revamp2:thesmoker":28,"minecraft:chicken":1,"undead_revamp2:thepregnant":2,"undead_revamp2:crackleball":6,"minecraft:zombie_villager":6,"undead_revamp2:theordure":5,"minecraft:zombie":693,"zombie_extreme:infected_police":4,"alexsmobs:fly":1,"zombiemobs:zombie_horsee":2,"hordes:zombie_player":7,"undead_revamp2:bomber":6,"zombie_extreme:runner":12,"zombie_extreme:crawler":13,"minecraft:husk":45,"zombiemobs:zombie_mooshroom":1,"undead_revamp2:the_moonflower":26},"minecraft:broken":{"apocalypsenow:police_helmet":1,"minecraft:diamond_pickaxe":1,"apocalypsenow:night_stick":1,"artifacts:vampiric_glove":1,"apocalypsenow:police_boots":1,"minecraft:diamond_axe":1,"apocalypsenow:baseball_bat":1},"minecraft:crafted":{"minecraft:grindstone":2,"minecraft:smooth_stone":16,"minecraft:stone":20,"minecraft:shulker_box":1,"minecraft:glass":22,"minecraft:chest":5,"immersiveengineering:ingot_steel":24,"easy_villagers:trader":2,"immersiveengineering:armor_steel_legs":1,"quark:blossom_planks":52,"minecraft:diamond_axe":2,"minecraft:crafting_table":10,"minecraft:iron_helmet":12,"minecraft:smithing_table":1,"immersiveengineering:hoe_steel":5,"immersiveengineering:armor_steel_chest":1,"minecraft:diamond_pickaxe":2,"sophisticatedbackpacks:diamond_backpack":1,"minecraft:stick":20,"minecraft:stone_slab":6,"minecraft:netherite_ingot":9,"sophisticatedbackpacks:netherite_backpack":1,"quark:blossom_planks_slab":6,"minecraft:coal":320,"apocalypsenow:fire_axe":2,"minecraft:bone_meal":27,"minecraft:glass_pane":16,"apocalypsenow:night_stick":2,"minecraft:iron_hoe":1,"immersiveengineering:armor_steel_head":2,"apocalypsenow:spear":1,"tac:round45":160,"tac:b_magnum":112,"tac:58x42":48,"immersiveengineering:armor_steel_feet":2,"minecraft:cooked_salmon":10,"minecraft:stone_axe":1,"tac:9mm_round":272,"minecraft:air":1454,"minecraft:white_wool":3,"minecraft:gunpowder":120,"minecraft:chainmail_boots":11,"easy_villagers:breeder":1,"minecraft:iron_leggings":12,"minecraft:white_bed":2,"immersiveengineering:sword_steel":1,"apocalypsenow:money":4},"minecraft:used":{"easy_villagers:breeder":1,"immersiveengineering:seed":3,"minecraft:chest":8,"farmersdelight:melon_juice":5,"cfm:cyan_kitchen_counter":2,"apocalypsenow:apple_juice":1,"minecraft:carrot":5,"embellishcraft:smooth_marble":1,"apocalypsenow:coffee":2,"minecraft:cyan_terracotta":4,"farmersdelight:melon_popsicle":5,"farmersdelight:glow_berry_custard":21,"pfm:white_freezer":1,"embellishcraft:white_spruce_fancy_bed":1,"farmersdelight:hamburger":5,"minecraft:diorite":9,"apocalypsenow:energy_drink":6,"pfm:iron_microwave":1,"zombie_extreme:vending_machine":2,"pfm:white_fridge":1,"minecraft:stone_pickaxe":4,"apocalypsenow:crowbar":133,"minecraft:oak_planks":6,"pfm:white_stove":1,"minecraft:wooden_pickaxe":50,"minecraft:diamond_axe":1363,"minecraft:golden_apple":1,"minecraft:white_wool":12,"farmersdelight:chicken_sandwich":5,"apocalypsenow:coke":31,"farmersdelight:honey_cookie":4,"easy_villagers:villager":1,"apocalypsenow:tatical_mace":389,"minecraft:string":4,"quark:blossom_sign":3,"minecraft:smithing_table":1,"minecraft:smooth_stone_slab":1,"minecraft:bone_meal":347,"biomesoplenty:redwood_planks":10,"minecraft:brown_shulker_box":16,"quark:stone_vertical_slab":18,"biomesoplenty:smooth_white_sandstone_stairs":1,"minecraft:torch":300,"minecraft:anvil":1,"apocalypsenow:grape_juice":5,"minecraft:shulker_box":21,"minecraft:iron_hoe":5,"minecraft:wooden_axe":23,"minecraft:iron_axe":5,"apocalypsenow:baseball_bat":33,"easy_villagers:trader":7,"pfm:concrete_kitchen_sink":1,"zombie_extreme:cash_register":1,"apocalypsenow:fire_axe":71,"apocalypsenow:porpsi":13,"farmersdelight:cooking_pot":1,"quark:blossom_planks":1,"comforts:sleeping_bag_white":1,"apocalypsenow:night_stick":853,"minecraft:light_gray_bed":1,"minecraft:cauldron":2,"minecraft:crafting_table":14,"minecraft:white_bed":3,"farmersdelight:hot_cocoa":1,"minecraft:diamond_pickaxe":1700,"farmersdelight:apple_cider":7,"minecraft:iron_pickaxe":1,"cgm:grenade":1,"minecraft:stone_slab":53,"minecraft:stone_axe":11,"minecraft:potion":7,"minecraft:cobblestone":96,"farmersdelight:egg_sandwich":7,"apocalypsenow:peach_juice":3,"minecraft:smooth_stone":1},"minecraft:dropped":{"minecraft:birch_planks":3,"minecraft:diamond_axe":1,"minecraft:glass_bottle":6,"minecraft:iron_horse_armor":1,"minecraft:cracked_stone_bricks":1,"apocalypsenow:u_sarmy_leggings":1,"sophisticatedbackpacks:gold_backpack":105,"minecraft:cyan_terracotta":2,"minecraft:dirt":24,"artifacts:superstitious_hat":1,"apocalypsenow:construction_leggings":2,"apocalypsenow:construction_boots":2,"create:framed_glass_door":1,"apocalypsenow:construction_helmet":2,"ftbquests:book":1,"minecraft:white_wool":2,"minecraft:gold_ingot":5,"minecraft:bone":136,"minecraft:stone_axe":1,"minecraft:cobbled_deepslate":113,"apocalypsenow:small_can":12,"minecraft:wheat":2,"minecraft:rotten_flesh":66,"artifacts:villager_hat":1,"minecraft:oak_planks":8,"apocalypsenow:money":192,"create:asurine":4,"apocalypsenow:bloodybandages":3,"minecraft:gunpowder":10,"apocalypsenow:fire_figther_leggings":1,"minecraft:beetroot_seeds":4,"apocalypsenow:dagger":1,"minecraft:chainmail_boots":2,"cfm:cyan_kitchen_counter":2,"apocalypsenow:human_flesh":2,"quark:spruce_vertical_slab":2,"minecraft:wheat_seeds":2,"quark:iron_button":1,"quark:blossom_planks":8,"securitycraft:security_camera":1,"minecraft:apple":6,"immersiveengineering:nugget_steel":2,"apocalypsenow:forestguard_boots":1,"minecraft:stick":7,"cold_sweat:hoglin_hide":6,"immersiveengineering:plate_duroplast":3,"minecraft:diorite":15,"quark:blossom_log":67,"minecraft:torch":3,"minecraft:wooden_axe":2,"apocalypsenow:porpsi":19,"minecraft:iron_door":3,"minecraft:potion":3,"minecraft:string":29,"minecraft:redstone":8,"alexsmobs:maggot":2,"minecraft:smooth_stone_slab":4,"minecraft:tuff":1,"minecraft:chicken":2,"biomesoplenty:redwood_planks":14,"minecraft:stripped_oak_log":1,"sophisticatedbackpacks:backpack":29,"minecraft:stone_slab":6,"apocalypsenow:cloth":3,"quark:stone_vertical_slab":1,"farmersdelight:chicken_sandwich":2,"apocalypsenow:construction_chestplate":2,"minecraft:andesite":18,"artifacts:steadfast_spikes":1,"apocalypsenow:peach_juice":1,"easy_villagers:villager":1,"minecraft:stone_bricks":2,"apocalypsenow:coke":41,"minecraft:stone_pickaxe":2,"minecraft:wooden_pickaxe":1,"firstaid:plaster":12},"minecraft:custom":{"lootr:looted_stat":79,"minecraft:interact_with_crafting_table":90,"minecraft:open_barrel":4,"minecraft:microwave_used":3,"minecraft:open_shulker_box":76,"minecraft:leave_game":6,"minecraft:time_since_death":129417,"minecraft:sprint_one_cm":423835,"minecraft:drop":273,"minecraft:talked_to_villager":41,"minecraft:play_time":718004,"minecraft:deaths":27,"minecraft:jump":4862,"minecraft:walk_on_water_one_cm":11692,"minecraft:interact_with_furnace":35,"minecraft:traded_with_villager":250,"minecraft:stove_opened":5,"minecraft:sleep_in_bed":10,"minecraft:damage_dealt":168173,"minecraft:player_kills":1,"minecraft:crouch_one_cm":61253,"minecraft:interact_with_smoker":2,"minecraft:inspect_dispenser":1,"minecraft:interact_with_smithing_table":6,"minecraft:inspect_dropper":1,"minecraft:interact_with_anvil":1,"minecraft:mob_kills":906,"minecraft:damage_dealt_resisted":5943,"minecraft:climb_one_cm":48983,"minecraft:walk_one_cm":2616359,"minecraft:fridge_opened":35,"minecraft:damage_dealt_absorbed":246,"minecraft:sneak_time":16259,"minecraft:walk_under_water_one_cm":4223,"minecraft:drawer_searched":10,"minecraft:total_world_time":718004,"minecraft:toilet_used":1,"minecraft:trashcan_opened":3,"minecraft:time_since_rest":107344,"minecraft:damage_taken":14466,"minecraft:swim_one_cm":1014,"minecraft:freezer_opened":15,"minecraft:fly_one_cm":851329,"minecraft:open_chest":199,"minecraft:fall_one_cm":196620},"minecraft:killed_by":{"undead_revamp2:bomber":1,"minecraft:zombie":12,"minecraft:husk":1,"hordes:zombie_player":4},"minecraft:mined":{"immersiveengineering:capacitor_hv":1,"create:deepslate_zinc_ore":28,"minecraft:spruce_planks":1,"farmersdelight:tomato_crate":1,"minecraft:brewing_stand":1,"minecraft:granite":18,"minecraft:grass_block":5,"minecraft:light_gray_bed":1,"pfm:white_stove":1,"minecraft:spawner":43,"immersiveengineering:deepslate_ore_uranium":3,"minecraft:smooth_stone":4,"minecraft:magma_block":4,"zombie_extreme:cash_register":1,"simplylight:illuminant_block_on":1,"minecraft:iron_ore":16,"minecraft:fire":3,"quark:calcite_bricks":2,"immersiveengineering:deepslate_ore_silver":27,"immersiveengineering:deepslate_ore_nickel":3,"minecraft:anvil":1,"pfm:white_fridge":1,"create:polished_cut_limestone":1,"create:asurine":4,"biomesoplenty:redwood_log":6,"minecraft:iron_bars":15,"minecraft:iron_block":5,"create:veridium":87,"create:dark_oak_window_pane":2,"minecraft:tripwire":2,"minecraft:netherite_block":1,"minecraft:deepslate_redstone_ore":17,"minecraft:brown_shulker_box":17,"minecraft:quartz_block":4,"minecraft:cyan_terracotta":62,"embellishcraft:smooth_slate":1,"farmersdelight:potato_crate":2,"apocalypsenow:money_block":9,"minecraft:torch":22,"quark:charcoal_block":1,"farmersdelight:cabbage_crate":1,"minecraft:chest":1,"create:framed_glass":1,"embellishcraft:polished_marble":3,"quark:gray_framed_glass":1,"minecraft:cobblestone":14,"minecraft:oak_planks":3,"minecraft:bricks":2,"createaddition:barbed_wire":3,"minecraft:iron_door":9,"minecraft:wall_torch":22,"minecraft:cauldron":2,"minecraft:deepslate_copper_ore":30,"minecraft:tinted_glass":1,"quark:spruce_vertical_slab":7,"minecraft:stone_brick_stairs":3,"minecraft:smooth_stone_slab":4,"embellishcraft:white_spruce_fancy_bed":1,"minecraft:grass":9,"create:vertical_framed_glass_pane":4,"minecraft:oak_log":4,"pfm:concrete_kitchen_sink":1,"minecraft:sand":27,"minecraft:smooth_quartz":8,"quark:stone_vertical_slab":24,"minecraft:dirt":37,"pfm:iron_microwave":1,"minecraft:smooth_basalt":6,"quark:polished_calcite_vertical_slab":5,"cfm:cyan_kitchen_counter":2,"minecraft:deepslate":292,"create:zinc_ore":44,"quark:smooth_quartz_vertical_slab":1,"apocalypsenow:beartrapactivated":1,"minecraft:tuff":12,"embellishcraft:air_duct":2,"minecraft:mossy_cobblestone":11,"minecraft:deepslate_diamond_ore":2,"minecraft:shulker_box":21,"minecraft:gray_stained_glass_pane":8,"immersiveengineering:ore_nickel":1,"biomesoplenty:bush":1,"minecraft:stone_button":1,"create:ochrum":1,"minecraft:spruce_leaves":1,"rocks:rock":2,"minecraft:large_fern":1,"minecraft:black_stained_glass_pane":2,"minecraft:redstone_ore":6,"minecraft:carrots":2,"minecraft:andesite":69,"minecraft:polished_deepslate":1,"minecraft:deepslate_iron_ore":32,"minecraft:stripped_oak_log":22,"minecraft:stone":414,"minecraft:white_wool":7,"zombie_extreme:vending_machine":2,"farmersdelight:cooking_pot":1,"pfm:white_freezer":1,"embellishcraft:steel_door":3,"apocalypsenow:planksb":1,"minecraft:basalt":1,"quark:polished_andesite_vertical_slab":1,"quark:spruce_bookshelf":12,"minecraft:crafting_table":1,"create:framed_glass_door":1,"minecraft:gray_stained_glass":5,"another_furniture:black_stool":1,"minecraft:stone_slab":45,"minecraft:copper_ore":29,"minecraft:tall_grass":3,"minecraft:lapis_ore":3,"minecraft:deepslate_gold_ore":8,"minecraft:diorite":52,"immersiveengineering:concrete":2,"minecraft:black_stained_glass":2,"minecraft:birch_planks":27,"embellishcraft:smooth_marble":18,"minecraft:coal_ore":53,"biomesoplenty:redwood_leaves":6,"minecraft:gravel":7,"createaddition:chocolate_cake":1,"minecraft:cobweb":2,"quark:calcite_bricks_vertical_slab":1,"minecraft:cracked_stone_bricks":9,"minecraft:stone_bricks":20,"minecraft:mossy_stone_bricks":7,"minecraft:fern":1},"minecraft:picked_up":{"apocalypsenow:energy_drink":1,"minecraft:wheat":2,"minecraft:chainmail_boots":2,"minecraft:anvil":1,"apocalypsenow:bloodybandages":4,"immersiveengineering:plate_duroplast":15,"artifacts:bunny_hoppers":1,"minecraft:stone_slab":72,"minecraft:potion":28,"pfm:white_freezer":1,"minecraft:brewing_stand":1,"create:bar_of_chocolate":4,"minecraft:polished_deepslate":1,"farmersdelight:cutting_board":1,"immersiveengineering:nugget_steel":2,"minecraft:string":1362,"minecraft:raw_copper":127,"minecraft:smooth_stone_slab":7,"quark:polished_calcite_vertical_slab":3,"minecraft:cobbled_deepslate":113,"minecraft:smooth_stone":4,"comforts:sleeping_bag_white":1,"minecraft:smooth_quartz":3,"quark:black_shard":6,"minecraft:iron_pickaxe":1,"sophisticatedbackpacks:netherite_backpack":1,"minecraft:stick":2,"farmersdelight:potato_crate":2,"embellishcraft:smooth_slate":1,"embellishcraft:smooth_marble":9,"tac:m4":4,"pfm:white_stove":1,"minecraft:torch":289,"apocalypsenow:plank":3,"quark:blossom_log":189,"minecraft:diorite":52,"minecraft:cauldron":2,"quark:charcoal_block":1,"quark:blossom_planks":7,"quark:spruce_vertical_slab":6,"simplylight:illuminant_block_on":1,"apocalypsenow:fire_figther_leggings":7,"quark:iron_button":1,"minecraft:quartz_block":2,"farmersdelight:tomato_crate":1,"easy_villagers:villager":3,"farmersdelight:melon_popsicle":12,"quark:polished_andesite_vertical_slab":1,"apocalypsenow:porpsi":51,"artifacts:lucky_scarf":4,"embellishcraft:steel_door":2,"minecraft:light_gray_bed":1,"minecraft:rotten_flesh":919,"artifacts:villager_hat":1,"create:ochrum":1,"quark:calcite_bricks":2,"minecraft:brown_shulker_box":19,"minecraft:iron_block":5,"create:asurine":4,"minecraft:cyan_terracotta":14,"apocalypsenow:police_chestplate":1,"create:veridium":87,"apocalypsenow:police_boots":6,"artifacts:panic_necklace":4,"refinedstorage:1k_storage_part":1,"apocalypsenow:money_block":9,"minecraft:cobblestone":346,"apocalypsenow:u_sarmy_boots":2,"tac:round45":137,"minecraft:magma_block":4,"minecraft:feather":1,"quark:calcite_bricks_vertical_slab":1,"apocalypsenow:peach_juice":2,"minecraft:iron_door":12,"pfm:concrete_kitchen_sink":1,"minecraft:andesite":68,"artifacts:thorn_pendant":2,"minecraft:potato":3,"create:raw_zinc":72,"contenttweaker:rubber":37,"minecraft:tuff":4,"refinedstorage:improved_processor":1,"apocalypsenow:construction_chestplate":8,"minecraft:lapis_lazuli":24,"farmersdelight:chicken_sandwich":4,"minecraft:dirt":42,"minecraft:bone":965,"minecraft:wheat_seeds":2,"apocalypsenow:human_flesh":14,"nameless_trinkets:experience_magnet":1,"minecraft:raw_gold":6,"apocalypsenow:royal_canada_police_officer_chestplate":1,"ftbquests:book":1,"biomesoplenty:smooth_white_sandstone_stairs":1,"farmersdelight:egg_sandwich":33,"apocalypsenow:cloth":3,"tac:9mm_round":189,"apocalypsenow:police_helmet":8,"apocalypsenow:electric_baton":1,"minecraft:oak_planks":14,"firstaid:plaster":143,"immersiveengineering:raw_uranium":3,"apocalypsenow:small_can":15,"apocalypsenow:tatical_mace":1,"minecraft:sand":27,"apocalypsenow:dagger":1,"minecraft:shulker_box":21,"apocalypsenow:coke":43,"minecraft:netherite_block":1,"pfm:iron_microwave":1,"apocalypsenow:royal_canada_police_officer_boots":1,"minecraft:diamond":28,"minecraft:polished_blackstone_pressure_plate":1,"minecraft:golden_apple":2,"minecraft:emerald":9,"minecraft:bread":5,"create:framed_glass_door":2,"alexsmobs:maggot":2,"apocalypsenow:construction_helmet":4,"apocalypsenow:scissorst":1,"minecraft:bricks":2,"rocks:cobblestone_splitter":2,"minecraft:diamond_pickaxe":2,"biomesoplenty:redwood_log":6,"sophisticatedbackpacks:gold_backpack":109,"quark:stone_vertical_slab":27,"minecraft:crafting_table":1,"tac:glock_17":5,"apocalypsenow:fire_figther_boots":2,"minecraft:chicken":2,"minecraft:wooden_pickaxe":2,"tac:sti2011":1,"immersiveengineering:ingot_aluminum":6,"minecraft:flint_and_steel":1,"artifacts:power_glove":1,"artifacts:feral_claws":1,"apocalypsenow:medicalkit":9,"minecraft:cracked_stone_bricks":2,"apocalypsenow:construction_boots":6,"apocalypsenow:forestguard_chestplate":5,"minecraft:tinted_glass":1,"quark:yellow_blossom_sapling":11,"minecraft:chest":1,"cfm:cyan_kitchen_counter":4,"minecraft:raw_iron":47,"farmersdelight:cabbage_crate":1,"sophisticatedbackpacks:backpack":29,"artifacts:vampiric_glove":6,"minecraft:stone_button":1,"minecraft:carrot":398,"minecraft:redstone":84,"tac:b_magnum":69,"minecraft:iron_horse_armor":1,"biomesoplenty:redwood_planks":14,"minecraft:beetroot_seeds":4,"zombie_extreme:cash_register":1,"farmersdelight:hamburger":25,"artifacts:running_shoes":6,"artifacts:pocket_piston":6,"minecraft:gold_ingot":113,"minecraft:white_wool":23,"apocalypsenow:fire_figther_chestplate":1,"minecraft:stripped_oak_log":22,"minecraft:glow_ink_sac":1,"minecraft:basalt":1,"artifacts:digging_claws":2,"minecraft:leather":3,"minecraft:birch_planks":28,"embellishcraft:polished_marble":2,"minecraft:oak_log":4,"artifacts:superstitious_hat":9,"minecraft:gunpowder":47,"artifacts:cloud_in_a_bottle":6,"apocalypsenow:u_sarmy_leggings":5,"farmersdelight:cooking_pot":1,"apocalypsenow:construction_leggings":5,"minecraft:apple":18,"minecraft:stone_bricks":4,"apocalypsenow:money":705,"securitycraft:security_camera":1,"minecraft:iron_ingot":44,"minecraft:stone_pickaxe":2,"zombie_extreme:vending_machine":2,"apocalypsenow:fire_figther_helmet":1,"artifacts:steadfast_spikes":7,"apocalypsenow:crowbar":1,"minecraft:glass_bottle":15,"embellishcraft:white_spruce_fancy_bed":1,"tac:ae50":130,"minecraft:book":36,"apocalypsenow:grape_juice":2,"artifacts:obsidian_skull":3,"minecraft:smooth_basalt":6,"minecraft:gravel":11,"apocalypsenow:police_leggings":6,"apocalypsenow:forestguard_boots":1,"pfm:white_fridge":1,"tac:mp7":6,"immersiveengineering:seed":4,"xpbook:xp_tome":1,"minecraft:stone_axe":1,"apocalypsenow:bear_trap":1,"minecraft:diamond_axe":4,"quark:gray_shard":22,"immersiveengineering:capacitor_hv":1,"immersiveengineering:raw_silver":20,"minecraft:coal":79,"quark:gray_framed_glass":1}},"DataVersion":2975}