{"stats":{"minecraft:killed_by":{"undead_revamp2:the_moonflower":2,"zombie_extreme:runner":1,"minecraft:zombie":12,"undead_revamp2:thesmoker":2,"zombie_extreme:crawler":1,"minecraft:husk":2,"minecraft:player":1,"hordes:zombie_player":1,"zombiemobs:zombie_dolphin":2,"zombie_extreme:infected_police":2},"minecraft:broken":{"apocalypsenow:police_helmet":1,"minecraft:shears":1,"apocalypsenow:mace":1,"minecraft:stone_axe":1,"minecraft:wooden_axe":1,"apocalypsenow:construction_helmet":1,"apocalypsenow:combat_knife":1,"apocalypsenow:police_boots":1,"apocalypsenow:u_sarmy_leggings":1,"minecraft:diamond_axe":1,"apocalypsenow:fire_figther_helmet":2,"minecraft:iron_pickaxe":2},"minecraft:crafted":{"biomesoplenty:redwood_sign":3,"minecraft:diamond_axe":2,"minecraft:crafting_table":5,"minecraft:wooden_pickaxe":2,"minecraft:golden_pickaxe":1,"sophisticatedbackpacks:diamond_backpack":1,"minecraft:stick":12,"minecraft:iron_pickaxe":2,"minecraft:shears":2,"firstaid:plaster":3,"minecraft:stone_pickaxe":1,"biomesoplenty:redwood_door":3,"biomesoplenty:redwood_planks":24,"minecraft:air":880,"minecraft:white_wool":12,"minecraft:wooden_axe":1,"firstaid:bandage":3},"minecraft:killed":{"undead_revamp2:thesmoker":26,"undead_revamp2:thepregnant":1,"undead_revamp2:crackleball":1,"minecraft:zombie_villager":2,"undead_revamp2:theordure":2,"minecraft:zombie":429,"zombie_extreme:infected_police":10,"alexsmobs:fly":1,"hordes:zombie_player":11,"undead_revamp2:bomber":7,"zombie_extreme:runner":9,"zombiemobs:zombie_cow":1,"minecraft:husk":36,"undead_revamp2:the_moonflower":16,"minecraft:bat":2},"minecraft:used":{"farmersdelight:melon_juice":3,"minecraft:carrot":5,"minecraft:allium":1,"biomesoplenty:redwood_sign":1,"embellishcraft:smooth_marble":28,"farmersdelight:vegetable_soup":3,"minecraft:cyan_terracotta":7,"farmersdelight:fried_rice":1,"another_furniture:light_gray_curtain":1,"farmersdelight:melon_popsicle":13,"apocalypsenow:scissorst":1,"farmersdelight:tomato_sauce":3,"immersiveengineering:concrete":62,"embellishcraft:white_spruce_fancy_bed":1,"apocalypsenow:combat_knife":603,"apocalypsenow:open_canned_pork":1,"farmersdelight:hamburger":4,"minecraft:mossy_stone_bricks":2,"apocalypsenow:energy_drink":1,"apocalypsenow:electric_baton":8,"minecraft:stone_pickaxe":4,"minecraft:oak_planks":1,"minecraft:wooden_pickaxe":9,"minecraft:diamond_axe":1175,"quark:gray_framed_glass":1,"minecraft:white_wool":4,"minecraft:golden_apple":1,"minecraft:shears":304,"minecraft:bread":3,"minecraft:smooth_stone_slab":2,"apocalypsenow:mace":275,"embellishcraft:polished_marble":12,"minecraft:golden_pickaxe":20,"pfm:oak_gray_simple_bed":6,"biomesoplenty:redwood_door":3,"minecraft:flint_and_steel":28,"biomesoplenty:redwood_planks":333,"minecraft:spruce_planks":1,"minecraft:torch":205,"minecraft:dirt":33,"apocalypsenow:grape_juice":3,"apocalypsenow:orange_juice":6,"biomesoplenty:redwood_log":54,"minecraft:wooden_axe":1,"apocalypsenow:baseball_bat":17,"apocalypsenow:open_canned_fish":2,"minecraft:smooth_quartz":5,"minecraft:light_gray_wool":1,"apocalypsenow:porpsi":13,"minecraft:cobbled_deepslate":1,"minecraft:light_gray_bed":1,"minecraft:brown_bed":1,"apocalypsenow:vodka":1,"farmersdelight:skillet":21,"farmersdelight:honey_glazed_ham_block":2,"biomesoplenty:redwood_sapling":2,"minecraft:mossy_cobblestone":1,"minecraft:crafting_table":13,"farmersdelight:apple_cider":2,"quark:oak_hedge":1,"minecraft:iron_pickaxe":499,"cgm:grenade":1,"create:mechanical_arm":1,"minecraft:stone_axe":19,"minecraft:cobblestone":18,"minecraft:potion":29,"quark:smooth_stone_vertical_slab":2,"create:bar_of_chocolate":1,"minecraft:smooth_stone":35,"farmersdelight:honey_glazed_ham":1,"minecraft:birch_stairs":1},"minecraft:picked_up":{"tac:mk23":1,"minecraft:iron_trapdoor":1,"minecraft:anvil":1,"quark:spruce_ladder":1,"minecraft:brown_bed":2,"minecraft:potion":20,"create:bar_of_chocolate":8,"minecraft:string":519,"minecraft:smooth_stone_slab":9,"pfm:oak_gray_simple_bed":6,"quark:polished_calcite_vertical_slab":2,"minecraft:smooth_stone":43,"minecraft:cobbled_deepslate":4,"minecraft:spruce_planks":1,"minecraft:redstone_torch":1,"minecraft:iron_pickaxe":3,"minecraft:smooth_quartz":35,"minecraft:stick":23,"embellishcraft:smooth_slate":1,"embellishcraft:smooth_marble":68,"minecraft:torch":149,"tac:mp9":1,"chalk:blue_chalk":2,"apocalypsenow:fire_figther_leggings":2,"quark:smooth_quartz_vertical_slab":2,"minecraft:quartz_block":1,"minecraft:light_gray_bed":1,"minecraft:rotten_flesh":412,"minecraft:brown_shulker_box":1,"minecraft:iron_block":13,"minecraft:cyan_terracotta":10,"apocalypsenow:police_chestplate":2,"apocalypsenow:police_boots":2,"create:mechanical_arm":2,"refinedstorage:1k_storage_part":2,"minecraft:cobblestone":84,"apocalypsenow:money_block":6,"apocalypsenow:u_sarmy_boots":8,"tac:round45":90,"minecraft:feather":2,"minecraft:iron_door":8,"minecraft:potato":2,"contenttweaker:rubber":6,"immersivepetroleum:asphalt":3,"embellishcraft:polished_marble_stairs":2,"artifacts:flame_pendant":1,"refinedstorage:improved_processor":2,"apocalypsenow:construction_chestplate":4,"minecraft:dirt":43,"lootr:trophy":1,"minecraft:bone":605,"minecraft:gray_terracotta":4,"minecraft:wheat_seeds":2,"apocalypsenow:human_flesh":28,"minecraft:mossy_stone_bricks":2,"tac:9mm_round":173,"apocalypsenow:electric_baton":5,"apocalypsenow:police_helmet":2,"minecraft:oak_planks":1,"firstaid:plaster":2,"apocalypsenow:u_sarmy_chestplate":5,"quark:smooth_stone_vertical_slab":3,"apocalypsenow:small_can":3,"chalk:red_chalk":2,"minecraft:polished_blackstone_slab":1,"apocalypsenow:dagger":1,"minecraft:mossy_cobblestone":2,"apocalypsenow:expedition_knife":1,"minecraft:diamond":2,"minecraft:polished_blackstone_pressure_plate":1,"minecraft:golden_apple":2,"minecraft:bread":16,"minecraft:emerald":18,"apocalypsenow:scissorst":1,"apocalypsenow:construction_helmet":6,"minecraft:diamond_pickaxe":1,"biomesoplenty:redwood_log":247,"sophisticatedbackpacks:gold_backpack":2,"minecraft:crafting_table":10,"minecraft:allium":1,"tac:glock_17":3,"apocalypsenow:fire_figther_boots":1,"minecraft:chicken":1,"tac:sti2011":2,"minecraft:gold_block":9,"farmersdelight:tomato_sauce":5,"minecraft:heavy_weighted_pressure_plate":3,"minecraft:flint_and_steel":4,"artifacts:feral_claws":1,"minecraft:quartz_slab":3,"apocalypsenow:medicalkit":9,"apocalypsenow:construction_boots":9,"apocalypsenow:mace":1,"embellishcraft:sturdy_steel_door":3,"minecraft:light_gray_wool":329,"minecraft:bowl":2,"farmersdelight:fish_stew":3,"minecraft:carrot":7,"tac:hk_mp5a5":1,"immersiveengineering:concrete":64,"tac:b_magnum":29,"biomesoplenty:redwood_planks":51,"minecraft:shears":2,"artifacts:running_shoes":1,"minecraft:gold_ingot":18,"firstaid:bandage":35,"biomesoplenty:redwood_sapling":13,"apocalypsenow:suturekit":3,"minecraft:white_wool":7,"apocalypsenow:fire_figther_chestplate":3,"cfm:gray_picket_fence":2,"embellishcraft:polished_marble":22,"minecraft:gunpowder":121,"artifacts:cloud_in_a_bottle":2,"immersiveengineering:treated_wood_horizontal":64,"farmersdelight:stuffed_pumpkin":3,"another_furniture:light_gray_curtain":1,"tac:m1911":1,"minecraft:cooked_mutton":2,"createdeco:locked_cast_iron_door":1,"apocalypsenow:u_sarmy_leggings":4,"farmersdelight:honey_glazed_ham_block":2,"apocalypsenow:construction_leggings":6,"minecraft:apple":1,"minecraft:stone_bricks":3,"apocalypsenow:money":29,"minecraft:iron_ingot":72,"tac:deagle_357":1,"apocalypsenow:fire_figther_helmet":5,"minecraft:glass_bottle":1,"sophisticatedbackpacks:diamond_backpack":1,"embellishcraft:white_spruce_fancy_bed":2,"tac:ae50":59,"minecraft:book":3,"quark:light_gray_shard":25,"minecraft:emerald_block":4,"apocalypsenow:royal_canada_police_officer_leggings":1,"minecraft:birch_stairs":1,"tac:mp7":2,"create:polished_cut_limestone_slab":1,"immersiveengineering:seed":4,"xpbook:xp_tome":1,"minecraft:stone_axe":1,"quark:oak_hedge":2,"minecraft:diamond_axe":1,"embellishcraft:air_duct":1,"quark:gray_shard":29,"minecraft:stripped_dark_oak_log":4,"minecraft:coal":9,"quark:gray_framed_glass":3},"minecraft:dropped":{"minecraft:glass_bottle":1,"artifacts:cloud_in_a_bottle":1,"embellishcraft:white_spruce_fancy_bed":1,"minecraft:dark_oak_planks":6,"minecraft:white_wool":3,"minecraft:bone":2,"apocalypsenow:small_can":4,"minecraft:rotten_flesh":3,"tac:ae50":1,"immersiveengineering:seed":1,"apocalypsenow:human_flesh":3,"minecraft:wheat_seeds":1,"minecraft:smooth_quartz":3,"minecraft:potion":5,"minecraft:string":4,"farmersdelight:melon_juice":3,"minecraft:smooth_stone_slab":3,"embellishcraft:smooth_marble":1,"biomesoplenty:redwood_planks":8},"minecraft:custom":{"lootr:looted_stat":122,"minecraft:interact_with_crafting_table":46,"minecraft:open_barrel":3,"minecraft:open_shulker_box":1,"minecraft:leave_game":22,"minecraft:time_since_death":75455,"minecraft:sprint_one_cm":641716,"minecraft:drop":34,"minecraft:talked_to_villager":3,"minecraft:play_time":528837,"minecraft:deaths":34,"minecraft:jump":4727,"minecraft:walk_on_water_one_cm":11892,"minecraft:interact_with_furnace":10,"minecraft:sleep_in_bed":9,"minecraft:damage_dealt":116654,"minecraft:crouch_one_cm":60998,"minecraft:interact_with_smithing_table":1,"minecraft:mob_kills":642,"minecraft:interact_with_anvil":1,"minecraft:damage_dealt_resisted":7586,"minecraft:climb_one_cm":175266,"minecraft:walk_one_cm":2301081,"minecraft:chair_used":1,"minecraft:damage_dealt_absorbed":182,"minecraft:sneak_time":26076,"minecraft:walk_under_water_one_cm":6624,"minecraft:drawer_searched":10,"minecraft:total_world_time":528837,"minecraft:toilet_used":7,"minecraft:trashcan_opened":3,"minecraft:interact_with_stonecutter":1,"minecraft:time_since_rest":66270,"minecraft:cabinet_searched":6,"minecraft:damage_taken":13256,"minecraft:freezer_opened":4,"minecraft:fly_one_cm":294447,"minecraft:open_chest":13,"minecraft:fall_one_cm":99741},"minecraft:mined":{"minecraft:spruce_planks":1,"embellishcraft:sturdy_steel_door":3,"embellishcraft:light_gray_couch":1,"minecraft:grass_block":27,"minecraft:light_gray_bed":3,"cfm:gray_picket_fence":3,"minecraft:spawner":34,"minecraft:smooth_stone":70,"create:vertical_framed_glass":4,"minecraft:fire":2,"minecraft:cobbled_deepslate":4,"minecraft:anvil":2,"minecraft:brown_bed":2,"biomesoplenty:redwood_log":14,"minecraft:iron_bars":6,"minecraft:quartz_slab":4,"minecraft:iron_block":12,"create:dark_oak_window_pane":2,"minecraft:gray_terracotta":4,"minecraft:quartz_block":10,"minecraft:cyan_terracotta":12,"embellishcraft:smooth_slate":1,"createdeco:locked_cast_iron_door":1,"apocalypsenow:money_block":7,"minecraft:torch":12,"create:framed_glass":2,"embellishcraft:polished_marble":18,"quark:gray_framed_glass":3,"minecraft:cobblestone":14,"minecraft:oak_planks":2,"minecraft:iron_door":8,"minecraft:wall_torch":7,"create:polished_cut_limestone_slab":2,"minecraft:light_gray_stained_glass":8,"minecraft:light_gray_wool":334,"minecraft:smooth_stone_slab":6,"embellishcraft:white_spruce_fancy_bed":2,"minecraft:grass":14,"biomesoplenty:clover":11,"create:vertical_framed_glass_pane":2,"another_furniture:light_gray_curtain":1,"minecraft:dirt":16,"minecraft:smooth_quartz":11,"pfm:oak_gray_simple_bed":6,"simplylight:illuminant_block":1,"minecraft:deepslate":3,"minecraft:oak_leaves":5,"minecraft:emerald_block":4,"quark:smooth_quartz_vertical_slab":2,"farmersdelight:honey_glazed_ham_block":2,"embellishcraft:air_duct":1,"minecraft:mossy_cobblestone":2,"minecraft:gray_stained_glass_pane":4,"create:mechanical_arm":2,"minecraft:spruce_leaves":1,"minecraft:black_stained_glass_pane":4,"immersivepetroleum:asphalt":3,"minecraft:gold_block":9,"minecraft:bookshelf":1,"minecraft:stone":68,"embellishcraft:polished_marble_stairs":2,"minecraft:birch_stairs":1,"biomesoplenty:redwood_planks":40,"quark:smooth_stone_vertical_slab":2,"minecraft:stripped_dark_oak_log":5,"minecraft:crafting_table":7,"minecraft:gray_stained_glass":10,"immersiveengineering:concrete":75,"minecraft:polished_blackstone_slab":1,"quark:spruce_ladder":2,"embellishcraft:smooth_marble":67,"quark:oak_hedge":2,"biomesoplenty:redwood_leaves":36,"minecraft:stone_bricks":3,"minecraft:mossy_stone_bricks":2,"minecraft:iron_trapdoor":1}},"DataVersion":2975}