{"stats":{"minecraft:killed_by":{"minecraft:zombie":5,"undead_revamp2:thesmoker":1},"minecraft:broken":{"minecraft:stone_pickaxe":1,"minecraft:stone_axe":1,"apocalypsenow:construction_chestplate":1,"minecraft:wooden_axe":2},"minecraft:crafted":{"minecraft:stone":7,"minecraft:crafting_table":2,"minecraft:air":361},"minecraft:killed":{"hordes:zombie_player":2,"minecraft:husk":5,"minecraft:zombie_villager":1,"undead_revamp2:the_moonflower":1,"minecraft:zombie":66,"zombie_extreme:infected_police":1,"alexsmobs:fly":1},"minecraft:picked_up":{"biomesoplenty:redwood_log":376,"tac:glock_18":2,"quark:spruce_ladder":6,"minecraft:wooden_pickaxe":4,"minecraft:brown_bed":1,"minecraft:potion":24,"refinedstorage:controller":1,"minecraft:string":66,"another_furniture:oak_shelf":2,"minecraft:smooth_stone_slab":5,"minecraft:flint_and_steel":1,"pfm:oak_gray_simple_bed":2,"minecraft:iron_shovel":1,"embellishcraft:smooth_basalt":10,"minecraft:smooth_stone":9,"apocalypsenow:construction_boots":3,"minecraft:stick":48,"minecraft:stone":7,"embellishcraft:smooth_slate":8,"embellishcraft:smooth_marble":18,"minecraft:torch":38,"refinedstorage:4k_storage_part":1,"tac:b_magnum":16,"simplylight:illuminant_block_on":3,"apocalypsenow:fire_figther_leggings":1,"minecraft:quartz_block":3,"biomesoplenty:redwood_planks":180,"minecraft:rotten_flesh":89,"apocalypsenow:baseball_bat":2,"createaddition:barbed_wire":24,"minecraft:cyan_terracotta":45,"minecraft:gold_ingot":17,"apocalypsenow:police_boots":1,"biomesoplenty:redwood_sapling":22,"minecraft:iron_bars":8,"minecraft:cobblestone":18,"tac:round45":8,"minecraft:potato":2,"embellishcraft:polished_marble":3,"minecraft:gunpowder":31,"apocalypsenow:construction_chestplate":2,"minecraft:dirt":1,"farmersdelight:shepherds_pie_block":1,"cgm:grenade":2,"embellishcraft:gneiss_large_bricks_wall":2,"minecraft:bone":126,"apocalypsenow:construction_leggings":1,"minecraft:stone_bricks":6,"minecraft:gray_terracotta":5,"apocalypsenow:human_flesh":2,"apocalypsenow:money":1,"minecraft:iron_ingot":6,"minecraft:stone_pickaxe":1,"apocalypsenow:fire_figther_helmet":1,"minecraft:glass_bottle":10,"tac:9mm_round":13,"apocalypsenow:electric_baton":1,"apocalypsenow:police_helmet":1,"minecraft:book":18,"quark:light_gray_shard":6,"quark:oak_vertical_slab":4,"apocalypsenow:forestguard_helmet":3,"quark:oak_hedge":4,"minecraft:bread":8,"quark:gray_shard":16,"minecraft:coal":22,"rocks:cobblestone_splitter":1},"minecraft:used":{"pfm:oak_gray_simple_bed":2,"minecraft:iron_bars":2,"minecraft:flint_and_steel":5,"biomesoplenty:redwood_planks":160,"minecraft:stone":7,"minecraft:torch":27,"biomesoplenty:redwood_log":51,"embellishcraft:smooth_marble":2,"minecraft:wooden_axe":6,"apocalypsenow:baseball_bat":1,"minecraft:stone_bricks":6,"farmersdelight:shepherds_pie_block":1,"minecraft:brown_bed":1,"apocalypsenow:electric_baton":130,"minecraft:stone_pickaxe":130,"minecraft:wooden_pickaxe":20,"createaddition:barbed_wire":12,"minecraft:crafting_table":5,"minecraft:white_bed":1,"minecraft:gray_terracotta":3,"apocalypsenow:iron_baseball_bat":172,"minecraft:iron_pickaxe":55,"cgm:grenade":2,"minecraft:stone_axe":122,"minecraft:potion":23,"minecraft:smooth_stone":2},"minecraft:dropped":{"apocalypsenow:human_flesh":1,"quark:oak_hedge":4,"minecraft:glass_bottle":9,"apocalypsenow:forestguard_helmet":3,"quark:gray_shard":7,"tac:b_magnum":8,"minecraft:leather_helmet":1,"minecraft:dirt":1,"rocks:cobblestone_splitter":1,"quark:light_gray_shard":6,"embellishcraft:smooth_basalt":5,"apocalypsenow:construction_leggings":1,"apocalypsenow:construction_boots":1,"minecraft:smooth_stone":3,"minecraft:bone":20,"embellishcraft:smooth_slate":4,"biomesoplenty:redwood_sapling":22,"minecraft:smooth_stone_slab":1,"embellishcraft:smooth_marble":8,"embellishcraft:gneiss_large_bricks_wall":2,"refinedstorage:controller":1,"apocalypsenow:baseball_bat":1,"simplylight:illuminant_block_on":2,"minecraft:leather_chestplate":1,"minecraft:potato":2,"minecraft:leather_boots":1,"minecraft:iron_bars":3,"minecraft:wooden_pickaxe":5},"minecraft:custom":{"lootr:looted_stat":15,"minecraft:mob_kills":87,"minecraft:interact_with_crafting_table":10,"minecraft:damage_dealt_resisted":392,"minecraft:leave_game":2,"minecraft:time_since_death":70,"minecraft:climb_one_cm":42296,"minecraft:sprint_one_cm":45389,"minecraft:walk_one_cm":340685,"minecraft:drop":40,"minecraft:play_noteblock":1,"minecraft:play_time":254024,"minecraft:deaths":12,"minecraft:sneak_time":21979,"minecraft:walk_under_water_one_cm":557,"minecraft:jump":929,"minecraft:interact_with_brewingstand":1,"minecraft:walk_on_water_one_cm":3820,"minecraft:total_world_time":254024,"minecraft:interact_with_furnace":7,"minecraft:tune_noteblock":28,"minecraft:sleep_in_bed":10,"minecraft:time_since_rest":126,"minecraft:damage_taken":2930,"minecraft:damage_dealt":14876,"minecraft:swim_one_cm":410,"minecraft:fly_one_cm":65015,"minecraft:freezer_opened":1,"minecraft:crouch_one_cm":50455,"minecraft:fall_one_cm":20665},"minecraft:mined":{"another_furniture:light_gray_sofa":2,"another_furniture:oak_shelf":2,"minecraft:gray_stained_glass_pane":4,"biomesoplenty:bush":1,"minecraft:grass_block":1,"rocks:rock":1,"minecraft:spawner":15,"embellishcraft:smooth_basalt":6,"minecraft:smooth_stone":7,"simplylight:illuminant_block_on":1,"minecraft:fire":3,"minecraft:brown_bed":1,"minecraft:bookshelf":6,"create:polished_cut_limestone":1,"biomesoplenty:redwood_log":25,"minecraft:iron_bars":6,"minecraft:stone":18,"minecraft:gray_terracotta":5,"biomesoplenty:redwood_planks":4,"minecraft:quartz_block":4,"minecraft:cyan_terracotta":58,"embellishcraft:smooth_slate":6,"minecraft:cyan_stained_glass_pane":4,"minecraft:gray_stained_glass":6,"embellishcraft:polished_marble":3,"embellishcraft:gneiss_large_bricks_wall":2,"createaddition:barbed_wire":25,"minecraft:wall_torch":1,"quark:light_gray_stool":1,"immersiveengineering:concrete":3,"minecraft:birch_planks":1,"minecraft:light_gray_stained_glass":2,"quark:spruce_ladder":6,"minecraft:smooth_stone_slab":4,"embellishcraft:smooth_marble":10,"create:vertical_framed_glass_pane":6,"minecraft:coal_ore":4,"quark:oak_hedge":2,"minecraft:smooth_quartz":1,"pfm:oak_gray_simple_bed":2,"minecraft:stone_bricks":6,"quark:oak_vertical_slab":4,"minecraft:oak_leaves":1,"minecraft:fern":1}},"DataVersion":2975}