{"stats":{"minecraft:killed":{"undead_revamp2:thesmoker":39,"zombiemobs:zombie_panda":1,"zombiemobs:zombie_dolphin":1,"undead_revamp2:thepregnant":6,"minecraft:zombie_villager":3,"hordes:drowned_player":1,"minecraft:zombie":716,"alexsmobs:terrapin":2,"zombie_extreme:infected_police":9,"minecraft:glow_squid":1,"hordes:zombie_player":5,"zombiemobs:zombie_sheep":1,"undead_revamp2:bomber":9,"minecraft:drowned":18,"zombie_extreme:runner":14,"zombiemobs:zombie_cow":1,"zombie_extreme:crawler":8,"minecraft:husk":61,"crittersandcompanions:ferret":1,"undead_revamp2:the_moonflower":22,"minecraft:bat":2,"alexsmobs:cockroach":3,"zombiemobs:zombie_goat":2},"minecraft:broken":{"minecraft:iron_shovel":1,"apocalypsenow:u_sarmy_boots":1,"create_sa:copper_shovel":2,"minecraft:wooden_sword":1,"minecraft:iron_sword":1,"minecraft:wooden_axe":2,"create_sa:zinc_pickaxe":1,"minecraft:leather_helmet":1,"create_sa:copper_pickaxe":9,"apocalypsenow:heavy_machete":1,"create_sa:copper_sword":1,"apocalypsenow:u_sarmy_leggings":1,"minecraft:iron_pickaxe":2,"apocalypsenow:u_sarmy_helmet":1},"minecraft:crafted":{"immersiveengineering:hammer":2,"minecraft:rotten_flesh":1,"apocalypsenow:construction_leggings":3,"create_sa:zinc_pickaxe":2,"apocalypsenow:construction_chestplate":2,"apocalypsenow:tatical_mace":1,"quark:golden_apple_crate":2,"immersiveengineering:ingot_lead":5,"apocalypsenow:u_sarmy_helmet":4,"minecraft:chest":3,"immersiveengineering:ingot_steel":13,"immersiveengineering:plate_steel":3,"immersiveengineering:ingot_aluminum":6,"apocalypsenow:welding_mask_helmet":1,"sophisticatedbackpacks:backpack":1,"minecraft:diamond_axe":1,"minecraft:crafting_table":25,"apocalypsenow:medicalkit":8,"minecraft:chainmail_chestplate":1,"apocalypsenow:u_sarmy_leggings":5,"minecraft:copper_ingot":105,"apocalypsenow:construction_boots":3,"minecraft:gold_block":4,"apocalypsenow:heavy_machete":1,"apocalypsenow:fire_figther_helmet":1,"immersiveengineering:raw_block_silver":1,"minecraft:string":20,"minecraft:iron_chestplate":1,"minecraft:charcoal":12,"naturescompass:naturescompass":1,"minecraft:shield":1,"sophisticatedbackpacks:diamond_backpack":2,"minecraft:stick":56,"minecraft:iron_ingot":51,"minecraft:iron_pickaxe":3,"minecraft:iron_block":2,"minecraft:gold_ingot":22,"minecraft:shears":1,"tac:workbench":1,"apocalypsenow:canned_fish":1,"minecraft:wooden_sword":1,"apocalypsenow:u_sarmy_chestplate":2,"minecraft:furnace":4,"minecraft:blast_furnace":1,"create:iron_sheet":2,"firstaid:plaster":1,"minecraft:raw_copper_block":1,"minecraft:leather":38,"immersiveengineering:wirecutter":1,"apocalypsenow:night_stick":2,"minecraft:stone_pickaxe":2,"minecraft:redstone_block":1,"apocalypsenow:u_sarmy_boots":1,"create_sa:copper_pickaxe":11,"apocalypsenow:fire_figther_leggings":1,"sophisticatedbackpacks:iron_backpack":1,"create:bar_of_chocolate":1,"minecraft:coal_block":1,"farmersdelight:hamburger":1,"biomesoplenty:redwood_planks":32,"biomesoplenty:redwood_fence":3,"minecraft:iron_sword":2,"apocalypsenow:machete":1,"immersiveengineering:nugget_aluminum":16,"minecraft:bucket":1,"minecraft:leather_helmet":1,"sophisticatedbackpacks:gold_backpack":1,"apocalypsenow:fire_figther_boots":1,"minecraft:bread":1,"minecraft:air":1574,"apocalypsenow:construction_helmet":2,"minecraft:potion":18,"minecraft:white_wool":26,"minecraft:golden_apple":18,"minecraft:gold_nugget":18,"minecraft:wooden_axe":4,"minecraft:iron_shovel":1,"firstaid:bandage":2,"create_sa:copper_sword":1,"minecraft:white_bed":4,"create:zinc_ingot":38},"minecraft:used":{"apocalypsenow:hand_axe":191,"minecraft:iron_shovel":267,"minecraft:chest":6,"minecraft:iron_sword":358,"minecraft:shield":15,"lootr:trophy":1,"create_sa:copper_pickaxe":1419,"farmersdelight:fish_stew":1,"biomesoplenty:redwood_fence":3,"minecraft:carrot":1,"farmersdelight:roast_chicken":1,"quark:limestone":8,"embellishcraft:smooth_marble":4,"minecraft:lava_bucket":1,"minecraft:cyan_terracotta":25,"farmersdelight:fried_rice":3,"farmersdelight:melon_popsicle":6,"minecraft:quartz_block":14,"apocalypsenow:heavy_machete":762,"minecraft:stone_bricks":5,"embellishcraft:white_spruce_fancy_bed":1,"apocalypsenow:emergency_axe":303,"minecraft:furnace":21,"minecraft:potato":3,"farmersdelight:hamburger":4,"farmersdelight:beef_stew":1,"farmersdelight:chicken_soup":2,"minecraft:diorite":7,"apocalypsenow:energy_drink":3,"apocalypsenow:electric_baton":303,"minecraft:oak_planks":15,"minecraft:stone_pickaxe":68,"minecraft:wooden_pickaxe":31,"minecraft:diamond_axe":736,"minecraft:golden_apple":3,"apocalypsenow:whisky":1,"minecraft:blast_furnace":1,"create_sa:zinc_pickaxe":487,"apocalypsenow:coke":4,"minecraft:shears":222,"create_sa:copper_sword":122,"minecraft:bread":9,"minecraft:gravel":6,"minecraft:wooden_sword":59,"create_sa:copper_shovel":328,"minecraft:bone_meal":6,"pfm:oak_gray_simple_bed":1,"biomesoplenty:redwood_door":2,"biomesoplenty:redwood_planks":117,"minecraft:torch":273,"minecraft:dirt":42,"apocalypsenow:grape_juice":10,"biomesoplenty:redwood_log":2,"farmersdelight:rope":8,"minecraft:wooden_axe":47,"createaddition:chocolate_cake":2,"create:builders_tea":1,"minecraft:smooth_quartz":1,"alexsmobs:cockroach_ootheca":1,"minecraft:smooth_basalt":4,"minecraft:light_gray_wool":5,"apocalypsenow:porpsi":3,"minecraft:light_gray_bed":3,"apocalypsenow:night_stick":150,"minecraft:enchanted_golden_apple":1,"minecraft:cobbled_deepslate":4,"minecraft:brown_bed":3,"farmersdelight:roast_chicken_block":1,"apocalypsenow:hawkbill_machete":296,"minecraft:wheat_seeds":1,"tac:workbench":2,"minecraft:water_bucket":4,"minecraft:glass_bottle":12,"minecraft:cobblestone_slab":1,"minecraft:crafting_table":47,"minecraft:white_bed":4,"minecraft:gray_terracotta":33,"minecraft:apple":1,"minecraft:iron_pickaxe":642,"minecraft:potion":77,"minecraft:cobblestone":506,"farmersdelight:egg_sandwich":3,"minecraft:bucket":6,"farmersdelight:fruit_salad":3,"minecraft:smooth_stone":18,"immersiveengineering:wirecutter":2},"minecraft:dropped":{"sophisticatedbackpacks:iron_backpack":2,"minecraft:iron_sword":1,"minecraft:diamond_axe":1,"minecraft:diamond":4,"minecraft:crafting_table":1,"apocalypsenow:police_leggings":1,"xpbook:xp_tome":1,"artifacts:universal_attractor":1,"quark:light_gray_shard":6,"biomesoplenty:redwood_log":70,"quark:golden_apple_crate":1,"apocalypsenow:fire_figther_boots":2,"apocalypsenow:construction_helmet":3,"apocalypsenow:chips":4,"minecraft:iron_pickaxe":1,"minecraft:gold_ingot":8,"minecraft:bone":2,"farmersdelight:barbecue_stick":1,"apocalypsenow:royal_canada_police_officer_leggings":1,"sophisticatedbackpacks:diamond_backpack":1,"minecraft:heavy_weighted_pressure_plate":2,"apocalypsenow:royal_canada_police_officer_chestplate":1,"apocalypsenow:heavy_machete":1,"minecraft:egg":3,"apocalypsenow:human_flesh":2,"minecraft:iron_ingot":8,"apocalypsenow:police_boots":1,"apocalypsenow:police_helmet":1,"minecraft:copper_ingot":11,"minecraft:golden_apple":2,"tac:m4":1,"apocalypsenow:fire_figther_chestplate":4,"minecraft:potion":14,"tac:sti2011":1,"tac:mp9":1,"minecraft:string":12,"apocalypsenow:fire_figther_helmet":3,"refinedstorage:controller":1,"biomesoplenty:redwood_planks":14,"minecraft:flint_and_steel":1,"minecraft:gray_terracotta":1,"firstaid:plaster":9,"contenttweaker:research_paper_4":1},"minecraft:custom":{"lootr:looted_stat":103,"minecraft:interact_with_crafting_table":168,"minecraft:open_barrel":5,"minecraft:microwave_used":1,"minecraft:bell_ring":9,"minecraft:leave_game":11,"minecraft:time_since_death":276727,"minecraft:damage_resisted":39,"minecraft:sprint_one_cm":690167,"minecraft:damage_blocked_by_shield":374,"minecraft:drop":79,"minecraft:use_bathtub":1,"minecraft:talked_to_villager":6,"minecraft:play_time":811531,"minecraft:deaths":18,"minecraft:jump":4037,"minecraft:interact_with_brewingstand":2,"minecraft:walk_on_water_one_cm":87398,"minecraft:interact_with_furnace":188,"minecraft:traded_with_villager":25,"minecraft:stove_opened":13,"minecraft:sleep_in_bed":11,"minecraft:damage_dealt":190462,"minecraft:player_kills":1,"minecraft:crouch_one_cm":86186,"minecraft:interact_with_smoker":1,"minecraft:interact_with_smithing_table":8,"minecraft:mob_kills":959,"minecraft:damage_dealt_resisted":6213,"minecraft:climb_one_cm":142302,"minecraft:walk_one_cm":3215226,"minecraft:fridge_opened":27,"minecraft:damage_dealt_absorbed":244,"minecraft:sneak_time":31805,"minecraft:walk_under_water_one_cm":29945,"minecraft:drawer_searched":2,"minecraft:interact_with_blast_furnace":6,"minecraft:total_world_time":811531,"minecraft:toilet_used":18,"minecraft:tune_noteblock":3,"minecraft:trashcan_opened":1,"minecraft:interact_with_stonecutter":1,"minecraft:time_since_rest":14940,"minecraft:cabinet_searched":3,"minecraft:damage_taken":9237,"minecraft:swim_one_cm":13203,"minecraft:freezer_opened":12,"minecraft:fly_one_cm":414613,"minecraft:open_chest":28,"minecraft:fall_one_cm":71125},"minecraft:killed_by":{"undead_revamp2:the_moonflower":4,"minecraft:zombie":7,"undead_revamp2:thesmoker":1,"minecraft:husk":2,"zombie_extreme:infected_police":1},"minecraft:mined":{"create:deepslate_zinc_ore":32,"minecraft:spruce_planks":1,"minecraft:oak_sapling":2,"embellishcraft:sturdy_steel_door":1,"farmersdelight:roast_chicken_block":1,"embellishcraft:smooth_marble_wall":2,"embellishcraft:light_gray_couch":1,"embellishcraft:spruce_wooden_crate":4,"farmersdelight:tomato_crate":2,"minecraft:carved_pumpkin":3,"create:horizontal_framed_glass":1,"minecraft:granite":37,"minecraft:grass_block":76,"minecraft:light_gray_bed":10,"minecraft:coal_block":4,"minecraft:spawner":78,"embellishcraft:smooth_basalt":22,"immersiveengineering:deepslate_ore_uranium":9,"minecraft:smooth_stone":37,"create:vertical_framed_glass":13,"quark:limestone_wall":2,"minecraft:iron_ore":56,"minecraft:cobbled_deepslate":1,"minecraft:fire":1,"immersiveengineering:deepslate_ore_silver":18,"quark:golden_apple_crate":1,"minecraft:anvil":1,"minecraft:deepslate_lapis_ore":14,"minecraft:brown_bed":3,"immersiveengineering:deepslate_ore_nickel":12,"biomesoplenty:redwood_door":2,"create:polished_cut_limestone":1,"biomesoplenty:redwood_log":23,"minecraft:iron_bars":15,"minecraft:small_amethyst_bud":1,"minecraft:quartz_slab":11,"quark:limestone":8,"immersiveengineering:ore_lead":2,"minecraft:iron_block":13,"create:veridium":4,"create:limestone":20,"create:dark_oak_window_pane":9,"quark:potato_crate":4,"minecraft:deepslate_redstone_ore":25,"minecraft:gray_terracotta":57,"minecraft:quartz_block":26,"minecraft:cyan_terracotta":51,"cfm:oak_hedge":1,"minecraft:amethyst_cluster":7,"embellishcraft:smooth_slate":4,"farmersdelight:potato_crate":1,"apocalypsenow:money_block":7,"minecraft:torch":16,"minecraft:melon":6,"minecraft:calcite":11,"create:framed_glass":2,"embellishcraft:smooth_slate_stairs":2,"embellishcraft:polished_marble":3,"minecraft:smooth_quartz_slab":3,"quark:gray_framed_glass":2,"minecraft:cobblestone":77,"quark:limestone_slab":1,"minecraft:sugar_cane":2,"createaddition:barbed_wire":42,"tac:workbench":1,"minecraft:wall_torch":14,"minecraft:amethyst_block":10,"minecraft:deepslate_copper_ore":19,"lootr:trophy":1,"create:polished_cut_limestone_slab":4,"minecraft:light_gray_stained_glass":8,"quark:gunpowder_sack":4,"quark:spruce_vertical_slab":2,"immersiveengineering:deepslate_ore_lead":3,"minecraft:light_gray_wool":233,"minecraft:tnt":3,"minecraft:yellow_glazed_terracotta":2,"minecraft:smooth_stone_slab":3,"minecraft:grass":3,"cfm:gray_kitchen_counter":15,"minecraft:oak_log":8,"quark:stone_vertical_slab":1,"minecraft:dirt":568,"minecraft:smooth_quartz":15,"pfm:oak_gray_simple_bed":2,"simplylight:illuminant_block":1,"minecraft:smooth_basalt":4,"cfm:cyan_kitchen_counter":8,"quark:oak_vertical_slab":3,"minecraft:oak_leaves":47,"minecraft:deepslate":105,"minecraft:emerald_block":3,"create:zinc_ore":34,"quark:smooth_quartz_vertical_slab":2,"minecraft:tuff":6,"minecraft:mossy_cobblestone":11,"minecraft:deepslate_diamond_ore":5,"minecraft:cyan_stained_glass":2,"minecraft:gray_stained_glass_pane":10,"minecraft:stone_button":1,"another_furniture:white_curtain":1,"embellishcraft:smooth_basalt_slab":1,"minecraft:birch_slab":1,"minecraft:spruce_leaves":1,"minecraft:moss_block":2,"immersiveengineering:ore_silver":8,"minecraft:black_stained_glass_pane":17,"minecraft:redstone_ore":1,"immersivepetroleum:asphalt":2,"minecraft:furnace":17,"cfm:stone_chair":2,"minecraft:andesite":121,"minecraft:green_terracotta":10,"minecraft:stripped_spruce_log":1,"minecraft:gold_block":13,"minecraft:bookshelf":66,"farmersdelight:rope":8,"minecraft:cobblestone_slab":3,"minecraft:deepslate_iron_ore":59,"minecraft:stone":807,"minecraft:white_wool":2,"immersiveengineering:ore_aluminum":8,"create_central_kitchen:blaze_stove":1,"embellishcraft:polished_marble_stairs":1,"farmersdelight:cooking_pot":1,"minecraft:birch_stairs":1,"biomesoplenty:redwood_planks":31,"quark:smooth_stone_vertical_slab":1,"embellishcraft:marble":2,"minecraft:crafting_table":24,"quark:spruce_bookshelf":4,"minecraft:gray_stained_glass":31,"another_furniture:black_stool":1,"minecraft:stone_slab":1,"minecraft:copper_ore":69,"minecraft:deepslate_coal_ore":9,"minecraft:lapis_ore":11,"minecraft:deepslate_gold_ore":21,"minecraft:diorite":150,"immersiveengineering:concrete":6,"minecraft:spruce_stairs":2,"quark:carrot_crate":3,"minecraft:black_stained_glass":3,"minecraft:birch_planks":1,"minecraft:gray_concrete_powder":1,"quark:apple_crate":1,"embellishcraft:smooth_marble":57,"minecraft:coal_ore":82,"quark:oak_hedge":1,"biomesoplenty:redwood_leaves":90,"minecraft:gravel":39,"minecraft:gray_carpet":3,"createaddition:chocolate_cake":1,"minecraft:cobweb":52,"quark:calcite_bricks_vertical_slab":1,"minecraft:stone_bricks":68,"minecraft:mossy_stone_bricks":1,"minecraft:fern":4},"minecraft:picked_up":{"quark:carrot_crate":2,"minecraft:iron_chestplate":1,"minecraft:wheat":2,"minecraft:anvil":1,"apocalypsenow:bloodybandages":19,"minecraft:stone_slab":1,"minecraft:brown_bed":3,"minecraft:potion":29,"refinedstorage:controller":1,"minecraft:string":1010,"minecraft:raw_copper":274,"create:limestone":20,"minecraft:smooth_stone_slab":1,"pfm:oak_gray_simple_bed":1,"immersiveengineering:raw_lead":5,"minecraft:cobbled_deepslate":72,"minecraft:smooth_stone":31,"minecraft:cobblestone_slab":2,"minecraft:calcite":5,"minecraft:smooth_quartz":2,"apocalypsenow:emergency_axe":1,"quark:black_shard":5,"minecraft:iron_pickaxe":1,"minecraft:melon_slice":37,"minecraft:coal_block":4,"minecraft:furnace":17,"minecraft:stick":33,"artifacts:universal_attractor":1,"farmersdelight:potato_crate":1,"embellishcraft:smooth_slate":1,"embellishcraft:smooth_marble":50,"farmersdelight:rotten_tomato":2,"minecraft:torch":82,"minecraft:spruce_stairs":2,"tac:mp9":2,"minecraft:diorite":149,"quark:potato_crate":4,"quark:spruce_vertical_slab":1,"minecraft:green_terracotta":10,"apocalypsenow:fire_figther_leggings":4,"minecraft:quartz_block":45,"quark:polished_andesite_vertical_slab":1,"farmersdelight:tomato_crate":1,"minecraft:light_gray_bed":5,"minecraft:rotten_flesh":744,"createaddition:barbed_wire":17,"farmersdelight:onion":6,"cfm:gray_kitchen_counter":8,"minecraft:iron_block":13,"minecraft:carved_pumpkin":3,"minecraft:cyan_terracotta":41,"farmersdelight:rope":8,"create:veridium":5,"minecraft:iron_bars":5,"tac:workbench":1,"apocalypsenow:money_block":7,"minecraft:cobblestone":813,"apocalypsenow:u_sarmy_boots":5,"tac:round45":166,"quark:calcite_bricks_vertical_slab":1,"minecraft:birch_slab":1,"minecraft:andesite":106,"minecraft:potato":13,"biomesoplenty:redwood_door":2,"minecraft:flint":6,"minecraft:tuff":2,"create:raw_zinc":67,"farmersdelight:roast_chicken_block":1,"embellishcraft:polished_marble_stairs":1,"artifacts:flame_pendant":1,"apocalypsenow:construction_chestplate":5,"lootr:trophy":1,"minecraft:lapis_lazuli":159,"farmersdelight:tomato":28,"minecraft:dirt":603,"minecraft:gray_concrete_powder":1,"contenttweaker:research_paper_4":1,"another_furniture:black_stool":2,"minecraft:bone":946,"minecraft:gray_terracotta":52,"minecraft:wheat_seeds":6,"apocalypsenow:human_flesh":13,"minecraft:raw_gold":21,"apocalypsenow:heavy_machete":1,"create_sa:copper_pickaxe":1,"tac:9mm_round":228,"minecraft:moss_block":1,"quark:apple_crate":1,"firstaid:plaster":8,"apocalypsenow:u_sarmy_chestplate":3,"quark:smooth_stone_vertical_slab":1,"immersiveengineering:raw_uranium":10,"create_sa:copper_sword":1,"apocalypsenow:chips":4,"immersiveengineering:raw_aluminum":8,"cfm:oak_hedge":1,"minecraft:stripped_spruce_log":1,"sophisticatedbackpacks:iron_backpack":3,"minecraft:mossy_cobblestone":5,"create:polished_cut_limestone":1,"minecraft:diamond":9,"minecraft:lever":6,"minecraft:granite":35,"minecraft:bone_meal":1,"minecraft:golden_apple":8,"minecraft:bread":6,"minecraft:oak_sapling":5,"immersiveengineering:raw_nickel":15,"apocalypsenow:construction_helmet":10,"biomesoplenty:redwood_log":311,"sophisticatedbackpacks:gold_backpack":2,"minecraft:charcoal":12,"minecraft:crafting_table":25,"cfm:stone_chair":1,"apocalypsenow:fire_figther_boots":2,"minecraft:leather_leggings":1,"tac:sti2011":1,"minecraft:gold_block":3,"apocalypsenow:u_sarmy_helmet":6,"quark:gunpowder_sack":4,"minecraft:shield":1,"minecraft:heavy_weighted_pressure_plate":12,"minecraft:flint_and_steel":1,"minecraft:quartz_slab":9,"minecraft:iron_shovel":1,"apocalypsenow:medicalkit":4,"embellishcraft:smooth_basalt":12,"apocalypsenow:construction_boots":6,"embellishcraft:sturdy_steel_door":1,"minecraft:light_gray_wool":416,"minecraft:egg":3,"cfm:cyan_kitchen_counter":4,"quark:golden_apple_crate":1,"minecraft:raw_iron":118,"alexsmobs:cockroach_ootheca":1,"another_furniture:white_curtain":1,"minecraft:copper_ingot":11,"minecraft:bowl":1,"minecraft:stone_button":3,"minecraft:carrot":8,"minecraft:redstone":117,"immersiveengineering:concrete":5,"tac:b_magnum":26,"create:zinc_ingot":7,"biomesoplenty:redwood_planks":131,"minecraft:shears":1,"embellishcraft:smooth_slate_stairs":2,"minecraft:gold_ingot":14,"biomesoplenty:redwood_sapling":33,"minecraft:white_wool":17,"apocalypsenow:fire_figther_chestplate":3,"apocalypsenow:suturekit":5,"minecraft:glow_ink_sac":5,"minecraft:birch_planks":1,"apocalypsenow:welding_mask_helmet":1,"minecraft:oak_log":10,"embellishcraft:polished_marble":2,"minecraft:gunpowder":14,"create:blaze_burner":1,"quark:limestone":9,"apocalypsenow:u_sarmy_leggings":10,"minecraft:stone_bricks":56,"apocalypsenow:construction_leggings":8,"minecraft:apple":3,"minecraft:gray_carpet":3,"farmersdelight:cooking_pot":1,"alexsmobs:cockroach_wing_fragment":2,"apocalypsenow:money":4,"embellishcraft:spruce_wooden_crate":1,"minecraft:iron_ingot":6,"apocalypsenow:red_bikers_helmet":1,"embellishcraft:marble_cobblestone":2,"apocalypsenow:fire_figther_helmet":2,"minecraft:glass_bottle":8,"simplylight:illuminant_block":1,"minecraft:iron_sword":3,"embellishcraft:white_spruce_fancy_bed":1,"tac:ae50":62,"sophisticatedbackpacks:diamond_backpack":1,"minecraft:book":234,"quark:light_gray_shard":37,"minecraft:smooth_basalt":4,"minecraft:emerald_block":2,"embellishcraft:smooth_basalt_slab":1,"quark:oak_vertical_slab":4,"minecraft:gravel":28,"apocalypsenow:police_leggings":1,"minecraft:birch_stairs":1,"minecraft:amethyst_shard":14,"quark:lavender_blossom_hedge":1,"minecraft:slime_ball":1,"immersiveengineering:seed":2,"xpbook:xp_tome":5,"quark:oak_hedge":1,"minecraft:iron_helmet":1,"minecraft:diamond_axe":2,"farmersdelight:barbecue_stick":1,"quark:gray_shard":82,"minecraft:smooth_quartz_slab":2,"minecraft:coal":85,"immersiveengineering:raw_silver":26}},"DataVersion":2975}