{"stats":{"minecraft:killed":{"undead_revamp2:thesmoker":49,"undead_revamp2:thepregnant":3,"zombiemobs:zombie_donkey":1,"minecraft:zombie_villager":1,"undead_revamp2:theordure":1,"minecraft:zombie":753,"zombie_extreme:infected_police":18,"alexsmobs:fly":3,"hordes:zombie_player":3,"alexsmobs:raccoon":2,"undead_revamp2:bomber":8,"minecraft:drowned":8,"zombie_extreme:runner":13,"zombiemobs:zombie_cow":1,"zombie_extreme:crawler":6,"minecraft:husk":59,"undead_revamp2:the_moonflower":28},"minecraft:crafted":{"minecraft:cooked_chicken":7,"minecraft:cooked_mutton":14,"minecraft:chest":1,"minecraft:birch_button":2,"minecraft:diamond_axe":3,"minecraft:crafting_table":10,"minecraft:baked_potato":6,"apocalypsenow:medicalkit":8,"minecraft:light_gray_bed":1,"minecraft:charcoal":25,"minecraft:shield":1,"sophisticatedbackpacks:diamond_backpack":1,"minecraft:stick":4,"minecraft:iron_pickaxe":2,"minecraft:gold_ingot":18,"minecraft:shears":2,"firstaid:plaster":16,"minecraft:iron_axe":1,"tac:round45":64,"tac:58x42":48,"biomesoplenty:redwood_planks":16,"minecraft:iron_sword":1,"minecraft:air":868,"minecraft:white_wool":44,"minecraft:golden_apple":9,"minecraft:gold_nugget":9,"apocalypsenow:cooked_human_flesh":1,"minecraft:wooden_axe":1},"minecraft:broken":{"apocalypsenow:construction_boots":1,"apocalypsenow:police_helmet":1,"minecraft:shears":1,"minecraft:iron_sword":1,"apocalypsenow:tatical_mace":1,"minecraft:wooden_pickaxe":1,"minecraft:diamond_axe":3,"apocalypsenow:fire_figther_helmet":1,"minecraft:iron_pickaxe":1,"apocalypsenow:u_sarmy_helmet":1},"minecraft:used":{"minecraft:moss_block":1,"minecraft:spruce_slab":1,"minecraft:chest":1,"farmersdelight:cabbage":5,"minecraft:iron_sword":215,"apocalypsenow:chips":2,"farmersdelight:melon_juice":16,"apocalypsenow:apple_juice":5,"minecraft:carrot":2,"embellishcraft:smooth_marble":7,"farmersdelight:fried_rice":3,"minecraft:quartz_block":2,"farmersdelight:melon_popsicle":1,"apocalypsenow:bayonet":6,"farmersdelight:shepherds_pie_block":1,"farmersdelight:beef_stew":3,"farmersdelight:hamburger":9,"apocalypsenow:electric_baton":555,"minecraft:wooden_pickaxe":46,"minecraft:diamond_axe":2306,"minecraft:white_wool":1,"minecraft:golden_apple":4,"farmersdelight:chicken_sandwich":5,"apocalypsenow:coke":20,"minecraft:shears":323,"apocalypsenow:tatical_mace":776,"minecraft:bread":8,"minecraft:diamond_ore":5,"minecraft:iron_door":1,"minecraft:smooth_stone_slab":10,"embellishcraft:polished_marble":2,"pfm:oak_gray_simple_bed":1,"minecraft:flint_and_steel":3,"biomesoplenty:redwood_planks":416,"minecraft:spruce_planks":6,"quark:stone_vertical_slab":1,"minecraft:cooked_chicken":7,"minecraft:torch":115,"minecraft:dirt":25,"apocalypsenow:grape_juice":6,"minecraft:wooden_axe":21,"minecraft:iron_block":1,"minecraft:iron_axe":10,"minecraft:smooth_quartz":1,"apocalypsenow:porpsi":2,"minecraft:light_gray_bed":3,"farmersdelight:roast_chicken_block":2,"minecraft:cooked_mutton":2,"minecraft:baked_potato":6,"farmersdelight:barbecue_stick":7,"farmersdelight:onion":26,"minecraft:crafting_table":10,"minecraft:white_bed":2,"minecraft:gray_terracotta":2,"farmersdelight:hot_cocoa":2,"farmersdelight:apple_cider":1,"minecraft:iron_pickaxe":632,"cgm:grenade":2,"minecraft:stone_slab":1,"minecraft:potion":122,"minecraft:cobblestone":17,"farmersdelight:egg_sandwich":9,"apocalypsenow:peach_juice":4,"minecraft:smooth_stone":10},"minecraft:dropped":{"sophisticatedbackpacks:iron_backpack":1,"farmersdelight:hamburger":3,"minecraft:glass_bottle":4,"apocalypsenow:police_leggings":2,"xpbook:xp_tome":4,"sophisticatedbackpacks:gold_backpack":1,"minecraft:mutton":33,"apocalypsenow:chips":6,"farmersdelight:egg_sandwich":3,"minecraft:white_wool":3,"minecraft:bone":22,"farmersdelight:barbecue_stick":7,"minecraft:cooked_chicken":1,"minecraft:rotten_flesh":12,"minecraft:cooked_mutton":11,"create:bar_of_chocolate":7,"minecraft:heavy_weighted_pressure_plate":1,"apocalypsenow:human_flesh":3,"minecraft:tnt":2,"minecraft:smooth_quartz_stairs":1,"minecraft:golden_apple":8,"apocalypsenow:tatical_mace":1,"minecraft:stick":14,"farmersdelight:melon_popsicle":3,"minecraft:torch":8,"minecraft:smooth_quartz_slab":1,"minecraft:iron_axe":1,"minecraft:smooth_stone":2,"minecraft:string":2,"farmersdelight:melon_juice":3,"sophisticatedbackpacks:backpack":1,"farmersdelight:chicken_sandwich":7,"minecraft:potato":12,"apocalypsenow:construction_chestplate":1,"apocalypsenow:electric_baton":1,"apocalypsenow:coke":13,"contenttweaker:research_paper_4":1,"minecraft:quartz_slab":1},"minecraft:custom":{"lootr:looted_stat":172,"minecraft:interact_with_crafting_table":40,"minecraft:open_barrel":5,"minecraft:leave_game":5,"minecraft:time_since_death":44659,"minecraft:sprint_one_cm":1030731,"minecraft:drop":67,"minecraft:talked_to_villager":8,"minecraft:play_time":852036,"minecraft:deaths":42,"minecraft:jump":4773,"minecraft:walk_on_water_one_cm":21995,"minecraft:interact_with_furnace":31,"minecraft:traded_with_villager":20,"minecraft:stove_opened":13,"minecraft:sleep_in_bed":13,"minecraft:damage_dealt":203258,"minecraft:player_kills":1,"minecraft:crouch_one_cm":36808,"minecraft:interact_with_anvil":1,"minecraft:mob_kills":1103,"minecraft:damage_dealt_resisted":11846,"minecraft:climb_one_cm":260785,"minecraft:walk_one_cm":3807569,"minecraft:fridge_opened":4,"minecraft:chair_used":3,"minecraft:damage_dealt_absorbed":83,"minecraft:sneak_time":28597,"minecraft:walk_under_water_one_cm":2582,"minecraft:drawer_searched":27,"minecraft:interact_with_blast_furnace":1,"minecraft:total_world_time":852036,"minecraft:toilet_used":2,"minecraft:trashcan_opened":1,"minecraft:time_since_rest":44691,"minecraft:cabinet_searched":5,"minecraft:damage_taken":17294,"minecraft:swim_one_cm":1809,"minecraft:fly_one_cm":866637,"minecraft:freezer_opened":12,"minecraft:open_chest":12,"minecraft:fall_one_cm":177539},"minecraft:killed_by":{"undead_revamp2:the_moonflower":8,"zombie_extreme:runner":1,"minecraft:zombie":18,"undead_revamp2:thesmoker":1,"minecraft:husk":2,"minecraft:player":1,"hordes:zombie_player":2},"minecraft:mined":{"minecraft:spruce_planks":9,"minecraft:white_bed":2,"embellishcraft:white_steel_door":1,"farmersdelight:roast_chicken_block":1,"minecraft:jungle_leaves":1,"minecraft:granite":3,"minecraft:grass_block":19,"minecraft:light_gray_bed":2,"minecraft:spawner":88,"embellishcraft:smooth_basalt":16,"minecraft:smooth_stone":58,"minecraft:glowstone":1,"minecraft:dark_oak_stairs":4,"biomesoplenty:redwood_log":4,"minecraft:oak_stairs":1,"minecraft:quartz_slab":6,"minecraft:iron_bars":8,"quark:limestone":3,"minecraft:iron_block":29,"create:veridium":1,"create:dark_oak_window_pane":13,"minecraft:spruce_slab":1,"create:andesite_bars":1,"minecraft:gray_terracotta":11,"minecraft:quartz_block":66,"minecraft:cyan_terracotta":21,"minecraft:torch":4,"farmersdelight:cabbage_crate":1,"minecraft:polished_andesite_stairs":1,"embellishcraft:polished_marble":4,"embellishcraft:smooth_slate_stairs":1,"minecraft:smooth_quartz_slab":1,"quark:gray_framed_glass":12,"minecraft:cobblestone":1,"minecraft:sugar_cane":2,"minecraft:oak_planks":1,"minecraft:bricks":2,"createaddition:barbed_wire":10,"minecraft:iron_door":9,"minecraft:wall_torch":6,"quark:light_gray_stool":2,"minecraft:light_gray_stained_glass":4,"minecraft:wheat":1,"minecraft:lilac":1,"quark:gunpowder_sack":14,"minecraft:light_gray_wool":364,"minecraft:smooth_stone_slab":11,"minecraft:grass":33,"biomesoplenty:clover":4,"create:vertical_framed_glass_pane":5,"create:framed_glass_trapdoor":2,"another_furniture:light_gray_curtain":1,"minecraft:smooth_quartz":31,"quark:stone_vertical_slab":7,"minecraft:dirt":15,"another_furniture:spruce_planter_box":1,"minecraft:oak_leaves":15,"minecraft:emerald_block":10,"create:zinc_ore":3,"minecraft:diamond_ore":5,"minecraft:quartz_stairs":4,"minecraft:dark_oak_leaves":2,"minecraft:stripped_birch_log":2,"minecraft:gray_stained_glass_pane":22,"biomesoplenty:bush":1,"minecraft:birch_slab":2,"another_furniture:spruce_bench":1,"minecraft:moss_block":4,"minecraft:sandstone":2,"minecraft:black_stained_glass_pane":33,"create:framed_glass_pane":2,"minecraft:green_terracotta":1,"minecraft:stripped_spruce_log":1,"minecraft:gold_block":2,"minecraft:potted_spruce_sapling":1,"immersiveengineering:light_engineering":1,"minecraft:smooth_quartz_stairs":1,"minecraft:stone":39,"minecraft:white_wool":2,"apocalypsenow:planksc":2,"biomesoplenty:smooth_white_sandstone_stairs":1,"biomesoplenty:redwood_planks":102,"embellishcraft:oak_terrace_table":2,"quark:polished_andesite_vertical_slab":1,"minecraft:gray_stained_glass":27,"another_furniture:spruce_table":1,"farmersdelight:carrot_crate":1,"another_furniture:black_stool":1,"minecraft:stone_slab":6,"minecraft:spruce_stairs":2,"minecraft:black_stained_glass":2,"minecraft:birch_planks":9,"farmersdelight:shepherds_pie_block":1,"embellishcraft:oak_table":1,"embellishcraft:smooth_marble":40,"pfm:basic_bathtub":1,"quark:oak_hedge":1,"biomesoplenty:redwood_leaves":5,"quark:dark_oak_hedge":1,"minecraft:cobweb":121,"biomesoplenty:redwood_sapling":3,"minecraft:stone_bricks":5},"minecraft:picked_up":{"tac:mk23":2,"minecraft:wheat":1,"minecraft:stone_slab":12,"pfm:basic_bathtub":1,"minecraft:oak_stairs":1,"minecraft:potion":108,"refinedstorage:controller":1,"create:bar_of_chocolate":7,"embellishcraft:white_steel_door":1,"minecraft:string":975,"minecraft:smooth_stone_slab":10,"pfm:oak_gray_simple_bed":1,"create:andesite_bars":1,"farmersdelight:fried_rice":1,"minecraft:cobbled_deepslate":1,"minecraft:smooth_stone":52,"farmersdelight:cabbage":5,"minecraft:spruce_planks":6,"minecraft:smooth_quartz":37,"quark:black_shard":10,"minecraft:iron_pickaxe":9,"minecraft:smooth_quartz_stairs":1,"minecraft:dark_oak_door":1,"minecraft:stick":66,"embellishcraft:smooth_marble":50,"tac:m4":3,"minecraft:torch":119,"apocalypsenow:plank":6,"minecraft:spruce_stairs":2,"minecraft:green_terracotta":1,"apocalypsenow:fire_figther_leggings":5,"farmersdelight:melon_popsicle":3,"minecraft:quartz_block":43,"minecraft:light_gray_bed":6,"minecraft:rotten_flesh":744,"embellishcraft:oak_terrace_chair":1,"createaddition:barbed_wire":9,"farmersdelight:onion":11,"cfm:gray_kitchen_counter":5,"minecraft:iron_block":32,"minecraft:cyan_terracotta":23,"apocalypsenow:police_chestplate":3,"apocalypsenow:police_boots":4,"farmersdelight:melon_juice":8,"another_furniture:spruce_bench":1,"minecraft:iron_bars":17,"minecraft:cobblestone":37,"apocalypsenow:u_sarmy_boots":2,"tac:round45":225,"minecraft:leather_chestplate":1,"minecraft:lilac":1,"apocalypsenow:peach_juice":4,"minecraft:iron_door":9,"minecraft:potato":24,"create:raw_zinc":3,"farmersdelight:roast_chicken_block":1,"apocalypsenow:construction_chestplate":10,"farmersdelight:carrot_crate":1,"minecraft:stripped_birch_log":2,"farmersdelight:chicken_sandwich":6,"minecraft:dirt":70,"farmersdelight:shepherds_pie_block":1,"contenttweaker:research_paper_4":1,"cgm:grenade":2,"minecraft:bone":826,"minecraft:gray_terracotta":19,"apocalypsenow:human_flesh":25,"minecraft:wheat_seeds":4,"apocalypsenow:police_helmet":4,"farmersdelight:egg_sandwich":13,"minecraft:glowstone_dust":6,"tac:9mm_round":292,"minecraft:moss_block":4,"apocalypsenow:electric_baton":2,"minecraft:oak_planks":1,"another_furniture:spruce_table":1,"quark:light_gray_stool":2,"firstaid:plaster":18,"apocalypsenow:u_sarmy_chestplate":4,"patchouli:guide_book":1,"apocalypsenow:tatical_mace":3,"apocalypsenow:chips":18,"minecraft:stripped_spruce_log":1,"sophisticatedbackpacks:iron_backpack":1,"apocalypsenow:coke":42,"embellishcraft:oak_terrace_table":2,"minecraft:diamond":10,"minecraft:golden_apple":2,"minecraft:bread":2,"minecraft:emerald":19,"create:framed_glass_door":2,"alexsmobs:maggot":4,"minecraft:oak_sapling":1,"apocalypsenow:construction_helmet":5,"minecraft:bricks":2,"embellishcraft:light_gray_couch":1,"biomesoplenty:redwood_log":385,"quark:stone_vertical_slab":8,"apocalypsenow:fire_figther_boots":9,"minecraft:leather_leggings":1,"tac:sti2011":1,"minecraft:gold_block":2,"apocalypsenow:u_sarmy_helmet":2,"quark:gunpowder_sack":16,"minecraft:shield":2,"minecraft:heavy_weighted_pressure_plate":1,"minecraft:iron_axe":1,"minecraft:flint_and_steel":6,"minecraft:quartz_slab":7,"embellishcraft:smooth_basalt":18,"apocalypsenow:construction_boots":4,"minecraft:spruce_slab":1,"minecraft:light_gray_wool":313,"minecraft:quartz_stairs":4,"minecraft:sugar_cane":4,"embellishcraft:oak_table":1,"quark:golden_apple_crate":1,"minecraft:sandstone":2,"farmersdelight:cabbage_crate":1,"sophisticatedbackpacks:backpack":1,"minecraft:carrot":5,"tac:b_magnum":64,"minecraft:tnt":2,"biomesoplenty:redwood_planks":177,"farmersdelight:hamburger":21,"embellishcraft:smooth_slate_stairs":1,"farmersdelight:beef_stew":2,"minecraft:gold_ingot":18,"firstaid:bandage":16,"biomesoplenty:redwood_sapling":21,"immersiveengineering:light_engineering":1,"minecraft:mutton":66,"apocalypsenow:fire_figther_chestplate":6,"minecraft:white_wool":3,"minecraft:air":0,"another_furniture:spruce_planter_box":1,"minecraft:leather":2,"create:framed_glass_trapdoor":2,"minecraft:birch_planks":4,"embellishcraft:polished_marble":4,"minecraft:oak_log":5,"minecraft:gunpowder":15,"artifacts:cloud_in_a_bottle":6,"quark:limestone":2,"another_furniture:light_gray_curtain":1,"embellishcraft:gneiss_large_bricks_wall":2,"minecraft:cooked_mutton":2,"apocalypsenow:u_sarmy_leggings":6,"apocalypsenow:construction_leggings":11,"minecraft:stone_bricks":5,"quark:limestone_wall":2,"apocalypsenow:money":107,"minecraft:iron_ingot":33,"minecraft:cooked_chicken":1,"apocalypsenow:fire_figther_helmet":6,"minecraft:glass_bottle":15,"minecraft:dark_oak_stairs":4,"minecraft:iron_sword":2,"farmersdelight:hot_cocoa":10,"tac:ae50":68,"sophisticatedbackpacks:diamond_backpack":4,"minecraft:book":6,"quark:light_gray_shard":22,"minecraft:polished_andesite_stairs":1,"minecraft:emerald_block":10,"quark:dark_oak_hedge":1,"apocalypsenow:police_leggings":3,"minecraft:white_bed":2,"immersiveengineering:seed":1,"xpbook:xp_tome":9,"embellishcraft:smooth_marble_wall":1,"quark:oak_hedge":1,"minecraft:iron_helmet":1,"minecraft:diamond_axe":2,"farmersdelight:barbecue_stick":12,"minecraft:baked_potato":6,"quark:gray_shard":95,"minecraft:smooth_quartz_slab":1,"minecraft:coal":94,"quark:gray_framed_glass":11}},"DataVersion":2975}