{"stats":{"minecraft:killed":{"undead_revamp2:thesmoker":22,"minecraft:chicken":1,"undead_revamp2:crackleball":1,"minecraft:zombie_villager":2,"undead_revamp2:theordure":4,"minecraft:zombie":615,"zombie_extreme:infected_police":3,"alexsmobs:fly":1,"zombiemobs:zombie_horsee":1,"hordes:zombie_player":7,"undead_revamp2:bomber":2,"zombie_extreme:runner":9,"zombie_extreme:crawler":13,"minecraft:husk":35,"undead_revamp2:the_moonflower":26},"minecraft:crafted":{"minecraft:shulker_box":1,"minecraft:glass":14,"minecraft:chest":5,"easy_villagers:trader":1,"quark:blossom_planks":28,"minecraft:diamond_axe":2,"minecraft:crafting_table":8,"minecraft:smithing_table":1,"minecraft:diamond_pickaxe":1,"sophisticatedbackpacks:diamond_backpack":1,"minecraft:stick":20,"minecraft:netherite_ingot":9,"sophisticatedbackpacks:netherite_backpack":1,"minecraft:bone_meal":27,"minecraft:glass_pane":16,"minecraft:iron_hoe":1,"tac:b_magnum":64,"tac:58x42":48,"minecraft:cooked_salmon":10,"minecraft:stone_axe":1,"minecraft:air":571,"minecraft:white_wool":3,"easy_villagers:breeder":1,"minecraft:white_bed":2},"minecraft:broken":{"apocalypsenow:police_helmet":1,"apocalypsenow:night_stick":1,"apocalypsenow:police_boots":1,"minecraft:diamond_axe":1,"apocalypsenow:baseball_bat":1},"minecraft:used":{"easy_villagers:breeder":1,"immersiveengineering:seed":3,"minecraft:chest":5,"farmersdelight:melon_juice":5,"cfm:cyan_kitchen_counter":1,"apocalypsenow:apple_juice":1,"minecraft:carrot":3,"embellishcraft:smooth_marble":1,"apocalypsenow:coffee":2,"minecraft:cyan_terracotta":4,"farmersdelight:melon_popsicle":5,"farmersdelight:glow_berry_custard":21,"pfm:white_freezer":1,"embellishcraft:white_spruce_fancy_bed":1,"farmersdelight:hamburger":1,"minecraft:diorite":9,"apocalypsenow:energy_drink":6,"zombie_extreme:vending_machine":2,"pfm:white_fridge":1,"minecraft:stone_pickaxe":4,"apocalypsenow:crowbar":132,"minecraft:oak_planks":6,"minecraft:wooden_pickaxe":50,"minecraft:diamond_axe":1237,"minecraft:white_wool":12,"farmersdelight:chicken_sandwich":5,"apocalypsenow:coke":19,"easy_villagers:villager":1,"apocalypsenow:tatical_mace":261,"minecraft:string":4,"quark:blossom_sign":3,"minecraft:smithing_table":1,"minecraft:bone_meal":167,"biomesoplenty:redwood_planks":10,"minecraft:brown_shulker_box":4,"quark:stone_vertical_slab":18,"biomesoplenty:smooth_white_sandstone_stairs":1,"minecraft:torch":277,"minecraft:anvil":1,"apocalypsenow:grape_juice":5,"minecraft:shulker_box":7,"minecraft:iron_hoe":5,"minecraft:wooden_axe":23,"minecraft:iron_axe":5,"apocalypsenow:baseball_bat":33,"easy_villagers:trader":1,"apocalypsenow:porpsi":13,"quark:blossom_planks":1,"apocalypsenow:night_stick":853,"minecraft:light_gray_bed":1,"minecraft:crafting_table":12,"minecraft:white_bed":3,"farmersdelight:hot_cocoa":1,"minecraft:diamond_pickaxe":814,"farmersdelight:apple_cider":7,"minecraft:iron_pickaxe":1,"cgm:grenade":1,"minecraft:stone_slab":53,"minecraft:stone_axe":11,"minecraft:cobblestone":62,"minecraft:potion":7,"farmersdelight:egg_sandwich":7,"apocalypsenow:peach_juice":3,"minecraft:smooth_stone":1},"minecraft:dropped":{"minecraft:birch_planks":3,"minecraft:diamond_axe":1,"minecraft:glass_bottle":6,"minecraft:iron_horse_armor":1,"minecraft:cracked_stone_bricks":1,"apocalypsenow:u_sarmy_leggings":1,"sophisticatedbackpacks:gold_backpack":105,"minecraft:cyan_terracotta":2,"minecraft:dirt":11,"artifacts:superstitious_hat":1,"apocalypsenow:construction_leggings":2,"apocalypsenow:construction_boots":2,"create:framed_glass_door":1,"apocalypsenow:construction_helmet":2,"ftbquests:book":1,"minecraft:white_wool":2,"minecraft:gold_ingot":5,"minecraft:bone":136,"minecraft:stone_axe":1,"minecraft:cobbled_deepslate":2,"apocalypsenow:small_can":12,"minecraft:wheat":2,"minecraft:rotten_flesh":62,"minecraft:oak_planks":8,"apocalypsenow:money":192,"create:asurine":4,"apocalypsenow:bloodybandages":3,"minecraft:gunpowder":10,"apocalypsenow:fire_figther_leggings":1,"minecraft:beetroot_seeds":4,"apocalypsenow:dagger":1,"cfm:cyan_kitchen_counter":2,"quark:spruce_vertical_slab":2,"apocalypsenow:human_flesh":2,"minecraft:wheat_seeds":1,"quark:iron_button":1,"quark:blossom_planks":8,"securitycraft:security_camera":1,"minecraft:apple":6,"immersiveengineering:nugget_steel":2,"apocalypsenow:forestguard_boots":1,"minecraft:stick":7,"cold_sweat:hoglin_hide":6,"immersiveengineering:plate_duroplast":3,"minecraft:diorite":15,"quark:blossom_log":67,"minecraft:torch":3,"minecraft:wooden_axe":2,"minecraft:iron_door":3,"apocalypsenow:porpsi":19,"minecraft:potion":3,"minecraft:string":29,"minecraft:redstone":8,"alexsmobs:maggot":2,"minecraft:tuff":1,"minecraft:chicken":2,"biomesoplenty:redwood_planks":14,"minecraft:stripped_oak_log":1,"sophisticatedbackpacks:backpack":29,"minecraft:stone_slab":6,"apocalypsenow:cloth":3,"quark:stone_vertical_slab":1,"farmersdelight:chicken_sandwich":2,"apocalypsenow:construction_chestplate":2,"minecraft:andesite":18,"artifacts:steadfast_spikes":1,"apocalypsenow:peach_juice":1,"easy_villagers:villager":1,"minecraft:stone_bricks":2,"apocalypsenow:coke":28,"minecraft:stone_pickaxe":2,"minecraft:wooden_pickaxe":1,"firstaid:plaster":4},"minecraft:custom":{"lootr:looted_stat":68,"minecraft:interact_with_crafting_table":57,"minecraft:microwave_used":1,"minecraft:open_barrel":4,"minecraft:open_shulker_box":24,"minecraft:leave_game":5,"minecraft:time_since_death":37669,"minecraft:sprint_one_cm":282369,"minecraft:drop":261,"minecraft:talked_to_villager":39,"minecraft:play_time":574004,"minecraft:deaths":26,"minecraft:jump":3643,"minecraft:walk_on_water_one_cm":4440,"minecraft:interact_with_furnace":21,"minecraft:traded_with_villager":12,"minecraft:stove_opened":1,"minecraft:sleep_in_bed":8,"minecraft:damage_dealt":140291,"minecraft:crouch_one_cm":56823,"minecraft:interact_with_smoker":2,"minecraft:inspect_dispenser":1,"minecraft:interact_with_smithing_table":3,"minecraft:inspect_dropper":1,"minecraft:interact_with_anvil":1,"minecraft:mob_kills":784,"minecraft:damage_dealt_resisted":741,"minecraft:climb_one_cm":46253,"minecraft:walk_one_cm":2211592,"minecraft:fridge_opened":25,"minecraft:damage_dealt_absorbed":246,"minecraft:sneak_time":13677,"minecraft:walk_under_water_one_cm":1272,"minecraft:drawer_searched":6,"minecraft:total_world_time":574004,"minecraft:trashcan_opened":2,"minecraft:time_since_rest":37727,"minecraft:damage_taken":12913,"minecraft:fly_one_cm":438174,"minecraft:freezer_opened":12,"minecraft:open_chest":131,"minecraft:fall_one_cm":98704},"minecraft:killed_by":{"undead_revamp2:bomber":1,"minecraft:zombie":12,"minecraft:husk":1,"hordes:zombie_player":4},"minecraft:mined":{"immersiveengineering:capacitor_hv":1,"create:deepslate_zinc_ore":13,"minecraft:spruce_planks":1,"minecraft:light_gray_bed":1,"minecraft:spawner":35,"minecraft:smooth_stone":4,"minecraft:magma_block":4,"simplylight:illuminant_block_on":1,"minecraft:fire":3,"minecraft:iron_ore":6,"quark:calcite_bricks":2,"immersiveengineering:deepslate_ore_silver":2,"minecraft:anvil":1,"pfm:white_fridge":1,"create:asurine":4,"biomesoplenty:redwood_log":6,"minecraft:iron_bars":15,"minecraft:iron_block":5,"create:veridium":62,"create:dark_oak_window_pane":2,"minecraft:tripwire":2,"minecraft:netherite_block":1,"minecraft:deepslate_redstone_ore":5,"minecraft:brown_shulker_box":5,"minecraft:quartz_block":1,"minecraft:cyan_terracotta":62,"embellishcraft:smooth_slate":1,"apocalypsenow:money_block":9,"minecraft:torch":16,"create:framed_glass":1,"minecraft:chest":1,"embellishcraft:polished_marble":3,"quark:gray_framed_glass":1,"minecraft:cobblestone":7,"minecraft:iron_door":3,"minecraft:oak_planks":3,"minecraft:bricks":2,"createaddition:barbed_wire":3,"minecraft:wall_torch":17,"minecraft:deepslate_copper_ore":21,"minecraft:tinted_glass":1,"quark:spruce_vertical_slab":7,"minecraft:smooth_stone_slab":1,"embellishcraft:white_spruce_fancy_bed":1,"minecraft:grass":8,"create:vertical_framed_glass_pane":2,"minecraft:oak_log":4,"minecraft:sand":14,"minecraft:smooth_quartz":5,"quark:stone_vertical_slab":24,"minecraft:dirt":11,"cfm:cyan_kitchen_counter":1,"quark:polished_calcite_vertical_slab":5,"minecraft:deepslate":140,"quark:smooth_quartz_vertical_slab":1,"apocalypsenow:beartrapactivated":1,"minecraft:tuff":9,"minecraft:deepslate_diamond_ore":2,"minecraft:shulker_box":7,"minecraft:gray_stained_glass_pane":8,"biomesoplenty:bush":1,"minecraft:stone_button":1,"minecraft:spruce_leaves":1,"rocks:rock":1,"minecraft:large_fern":1,"minecraft:carrots":1,"minecraft:andesite":19,"minecraft:deepslate_iron_ore":24,"minecraft:stripped_oak_log":22,"minecraft:stone":118,"minecraft:white_wool":7,"zombie_extreme:vending_machine":2,"pfm:white_freezer":1,"embellishcraft:steel_door":3,"apocalypsenow:planksb":1,"quark:polished_andesite_vertical_slab":1,"quark:spruce_bookshelf":12,"minecraft:crafting_table":1,"create:framed_glass_door":1,"minecraft:gray_stained_glass":3,"another_furniture:black_stool":1,"minecraft:stone_slab":45,"minecraft:tall_grass":3,"minecraft:copper_ore":10,"minecraft:deepslate_gold_ore":2,"minecraft:diorite":25,"immersiveengineering:concrete":2,"minecraft:black_stained_glass":2,"minecraft:birch_planks":27,"embellishcraft:smooth_marble":18,"minecraft:coal_ore":53,"biomesoplenty:redwood_leaves":6,"createaddition:chocolate_cake":1,"minecraft:cobweb":2,"quark:calcite_bricks_vertical_slab":1,"minecraft:cracked_stone_bricks":1,"minecraft:stone_bricks":15,"minecraft:fern":1},"minecraft:picked_up":{"apocalypsenow:energy_drink":1,"minecraft:wheat":2,"minecraft:anvil":1,"apocalypsenow:bloodybandages":4,"immersiveengineering:plate_duroplast":15,"artifacts:bunny_hoppers":1,"minecraft:stone_slab":72,"minecraft:potion":28,"pfm:white_freezer":1,"create:bar_of_chocolate":4,"farmersdelight:cutting_board":1,"immersiveengineering:nugget_steel":2,"minecraft:string":1296,"minecraft:raw_copper":63,"quark:polished_calcite_vertical_slab":3,"minecraft:smooth_stone":4,"minecraft:cobbled_deepslate":2,"quark:black_shard":6,"minecraft:iron_pickaxe":1,"sophisticatedbackpacks:netherite_backpack":1,"minecraft:stick":2,"embellishcraft:smooth_slate":1,"embellishcraft:smooth_marble":9,"tac:m4":4,"minecraft:torch":276,"apocalypsenow:plank":3,"quark:blossom_log":189,"minecraft:diorite":25,"simplylight:illuminant_block_on":1,"quark:blossom_planks":7,"quark:spruce_vertical_slab":6,"quark:iron_button":1,"apocalypsenow:fire_figther_leggings":7,"easy_villagers:villager":3,"farmersdelight:melon_popsicle":12,"quark:polished_andesite_vertical_slab":1,"minecraft:light_gray_bed":1,"apocalypsenow:porpsi":51,"embellishcraft:steel_door":2,"artifacts:lucky_scarf":4,"minecraft:rotten_flesh":854,"quark:calcite_bricks":2,"minecraft:brown_shulker_box":7,"minecraft:iron_block":5,"create:asurine":4,"minecraft:cyan_terracotta":14,"apocalypsenow:police_chestplate":1,"create:veridium":62,"apocalypsenow:police_boots":6,"artifacts:panic_necklace":4,"refinedstorage:1k_storage_part":1,"minecraft:cobblestone":75,"apocalypsenow:money_block":9,"apocalypsenow:u_sarmy_boots":2,"tac:round45":126,"minecraft:magma_block":4,"minecraft:feather":1,"quark:calcite_bricks_vertical_slab":1,"apocalypsenow:peach_juice":2,"minecraft:iron_door":6,"minecraft:andesite":18,"artifacts:thorn_pendant":2,"minecraft:potato":3,"create:raw_zinc":13,"minecraft:tuff":1,"contenttweaker:rubber":37,"refinedstorage:improved_processor":1,"apocalypsenow:construction_chestplate":8,"farmersdelight:chicken_sandwich":4,"minecraft:dirt":11,"minecraft:bone":911,"minecraft:wheat_seeds":1,"nameless_trinkets:experience_magnet":1,"apocalypsenow:human_flesh":13,"apocalypsenow:royal_canada_police_officer_chestplate":1,"ftbquests:book":1,"biomesoplenty:smooth_white_sandstone_stairs":1,"farmersdelight:egg_sandwich":33,"apocalypsenow:cloth":3,"tac:9mm_round":176,"apocalypsenow:police_helmet":8,"apocalypsenow:electric_baton":1,"minecraft:oak_planks":14,"firstaid:plaster":143,"apocalypsenow:small_can":15,"apocalypsenow:tatical_mace":1,"minecraft:sand":14,"apocalypsenow:dagger":1,"minecraft:shulker_box":7,"apocalypsenow:coke":43,"minecraft:netherite_block":1,"apocalypsenow:royal_canada_police_officer_boots":1,"minecraft:diamond":28,"minecraft:golden_apple":2,"minecraft:bread":5,"minecraft:emerald":9,"alexsmobs:maggot":2,"create:framed_glass_door":2,"apocalypsenow:scissorst":1,"apocalypsenow:construction_helmet":4,"minecraft:bricks":2,"rocks:cobblestone_splitter":1,"minecraft:diamond_pickaxe":2,"biomesoplenty:redwood_log":6,"sophisticatedbackpacks:gold_backpack":109,"quark:stone_vertical_slab":27,"minecraft:crafting_table":1,"tac:glock_17":5,"apocalypsenow:fire_figther_boots":2,"minecraft:chicken":2,"minecraft:wooden_pickaxe":2,"tac:sti2011":1,"immersiveengineering:ingot_aluminum":6,"minecraft:flint_and_steel":1,"artifacts:power_glove":1,"artifacts:feral_claws":1,"apocalypsenow:medicalkit":9,"minecraft:cracked_stone_bricks":2,"apocalypsenow:construction_boots":4,"apocalypsenow:forestguard_chestplate":5,"minecraft:tinted_glass":1,"quark:yellow_blossom_sapling":11,"minecraft:chest":1,"cfm:cyan_kitchen_counter":3,"minecraft:raw_iron":30,"sophisticatedbackpacks:backpack":29,"artifacts:vampiric_glove":6,"minecraft:stone_button":1,"minecraft:carrot":208,"minecraft:redstone":8,"tac:b_magnum":69,"minecraft:iron_horse_armor":1,"biomesoplenty:redwood_planks":14,"minecraft:beetroot_seeds":4,"farmersdelight:hamburger":25,"artifacts:running_shoes":6,"artifacts:pocket_piston":6,"minecraft:gold_ingot":113,"minecraft:white_wool":23,"apocalypsenow:fire_figther_chestplate":1,"minecraft:stripped_oak_log":22,"artifacts:digging_claws":2,"minecraft:birch_planks":28,"minecraft:oak_log":4,"embellishcraft:polished_marble":2,"artifacts:superstitious_hat":9,"artifacts:cloud_in_a_bottle":6,"minecraft:gunpowder":47,"apocalypsenow:u_sarmy_leggings":4,"apocalypsenow:construction_leggings":5,"minecraft:apple":18,"minecraft:stone_bricks":4,"securitycraft:security_camera":1,"apocalypsenow:money":665,"minecraft:iron_ingot":44,"minecraft:stone_pickaxe":2,"zombie_extreme:vending_machine":2,"apocalypsenow:crowbar":1,"artifacts:steadfast_spikes":7,"minecraft:glass_bottle":15,"embellishcraft:white_spruce_fancy_bed":1,"tac:ae50":130,"minecraft:book":36,"apocalypsenow:grape_juice":2,"artifacts:obsidian_skull":3,"apocalypsenow:police_leggings":6,"apocalypsenow:forestguard_boots":1,"pfm:white_fridge":1,"tac:mp7":6,"immersiveengineering:seed":3,"minecraft:stone_axe":1,"xpbook:xp_tome":1,"apocalypsenow:bear_trap":1,"minecraft:diamond_axe":4,"quark:gray_shard":16,"immersiveengineering:raw_silver":2,"immersiveengineering:capacitor_hv":1,"minecraft:coal":79,"quark:gray_framed_glass":1}},"DataVersion":2975}