{"stats":{"minecraft:killed":{"undead_revamp2:thesmoker":12,"undead_revamp2:thepregnant":1,"minecraft:zombie_villager":1,"undead_revamp2:theordure":1,"minecraft:zombie":257,"zombie_extreme:infected_police":5,"alexsmobs:fly":1,"hordes:zombie_player":2,"undead_revamp2:bomber":3,"zombie_extreme:runner":2,"zombie_extreme:crawler":4,"minecraft:husk":28,"undead_revamp2:the_moonflower":4,"minecraft:bat":1},"minecraft:crafted":{"minecraft:cooked_mutton":4,"minecraft:chest":1,"sophisticatedbackpacks:backpack":1,"minecraft:crafting_table":6,"minecraft:string":16,"minecraft:diamond_pickaxe":1,"minecraft:charcoal":5,"minecraft:stick":16,"minecraft:iron_pickaxe":2,"minecraft:shears":2,"minecraft:leather_leggings":1,"firstaid:plaster":2,"minecraft:diamond":11,"minecraft:leather":31,"minecraft:stone_pickaxe":1,"biomesoplenty:redwood_planks":52,"minecraft:iron_sword":1,"minecraft:stone_axe":1,"minecraft:air":807,"minecraft:white_wool":19,"minecraft:gold_nugget":9,"minecraft:white_bed":1},"minecraft:broken":{"minecraft:shears":1,"apocalypsenow:u_sarmy_chestplate":1,"minecraft:iron_pickaxe":1,"apocalypsenow:u_sarmy_helmet":1},"minecraft:used":{"minecraft:iron_sword":184,"lootr:trophy":1,"farmersdelight:melon_juice":12,"apocalypsenow:apple_juice":4,"farmersdelight:fish_stew":4,"farmersdelight:roast_chicken":4,"apocalypsenow:kitchen_knife":58,"apocalypsenow:coffee":7,"farmersdelight:vegetable_soup":5,"farmersdelight:fried_rice":1,"minecraft:quartz_slab":1,"farmersdelight:melon_popsicle":5,"farmersdelight:glow_berry_custard":2,"embellishcraft:white_spruce_fancy_bed":1,"minecraft:furnace":5,"farmersdelight:hamburger":1,"farmersdelight:beef_stew":1,"minecraft:diorite":38,"minecraft:stone_pickaxe":44,"minecraft:oak_planks":2,"minecraft:wooden_pickaxe":7,"minecraft:diamond_axe":688,"minecraft:golden_apple":3,"farmersdelight:stuffed_pumpkin":1,"apocalypsenow:coke":3,"minecraft:shears":363,"minecraft:bread":1,"apocalypsenow:construction_leggings":1,"apocalypsenow:dagger":395,"minecraft:wooden_sword":123,"pfm:oak_gray_simple_bed":2,"minecraft:iron_bars":5,"minecraft:stone_sword":31,"minecraft:flint_and_steel":16,"biomesoplenty:redwood_planks":7,"minecraft:torch":144,"minecraft:dirt":13,"apocalypsenow:grape_juice":5,"apocalypsenow:fire_figther_helmet":1,"minecraft:smooth_quartz":37,"apocalypsenow:porpsi":29,"minecraft:cobbled_deepslate":194,"minecraft:cooked_mutton":2,"apocalypsenow:vodka":2,"farmersdelight:honey_glazed_ham_block":1,"createaddition:barbed_wire":2,"minecraft:crafting_table":15,"minecraft:white_bed":2,"another_furniture:light_gray_sofa":2,"minecraft:diamond_pickaxe":486,"farmersdelight:apple_cider":8,"minecraft:iron_pickaxe":247,"cgm:grenade":1,"minecraft:stone_axe":16,"minecraft:potion":29,"minecraft:cobblestone":6,"farmersdelight:honey_glazed_ham":1},"minecraft:dropped":{"minecraft:glass_bottle":4,"apocalypsenow:medicalkit":1,"refinedstorage:cable":7,"minecraft:emerald":10,"biomesoplenty:redwood_log":1,"minecraft:iron_pickaxe":1,"minecraft:white_wool":3,"minecraft:birch_stairs":1,"minecraft:bone":6,"tac:deagle_357":1,"apocalypsenow:human_flesh":5,"quark:gray_shard":6,"minecraft:torch":8,"farmersdelight:melon_juice":2,"biomesoplenty:redwood_planks":4,"sophisticatedbackpacks:backpack":1,"apocalypsenow:bread_knife":1,"pipez:energy_pipe":13,"artifacts:running_shoes":1,"minecraft:diamond_pickaxe":1,"explorerscompass:explorerscompass":1},"minecraft:custom":{"lootr:looted_stat":119,"minecraft:interact_with_crafting_table":47,"minecraft:open_barrel":3,"minecraft:open_shulker_box":1,"minecraft:leave_game":5,"minecraft:time_since_death":4001,"minecraft:sprint_one_cm":632418,"minecraft:drop":30,"minecraft:talked_to_villager":3,"minecraft:play_time":532879,"minecraft:deaths":36,"minecraft:jump":3965,"minecraft:walk_on_water_one_cm":42864,"minecraft:interact_with_furnace":63,"minecraft:stove_opened":7,"minecraft:sleep_in_bed":9,"minecraft:damage_dealt":58267,"minecraft:player_kills":1,"minecraft:crouch_one_cm":97243,"minecraft:inspect_dispenser":1,"minecraft:inspect_dropper":1,"minecraft:mob_kills":340,"minecraft:damage_dealt_resisted":3175,"minecraft:climb_one_cm":104603,"minecraft:walk_one_cm":1905157,"minecraft:fridge_opened":33,"minecraft:chair_used":1,"minecraft:damage_dealt_absorbed":219,"minecraft:sneak_time":41450,"minecraft:walk_under_water_one_cm":7676,"minecraft:drawer_searched":17,"minecraft:total_world_time":532879,"minecraft:toilet_used":1,"minecraft:trashcan_opened":3,"minecraft:interact_with_stonecutter":1,"minecraft:cabinet_searched":4,"minecraft:time_since_rest":4027,"minecraft:damage_taken":15278,"minecraft:swim_one_cm":3775,"minecraft:fly_one_cm":518851,"minecraft:freezer_opened":13,"minecraft:open_chest":12,"minecraft:fall_one_cm":95830},"minecraft:killed_by":{"undead_revamp2:the_moonflower":7,"minecraft:drowned":1,"undead_revamp2:bomber":2,"minecraft:zombie":11,"minecraft:husk":6,"zombie_extreme:infected_police":3},"minecraft:mined":{"create:deepslate_zinc_ore":9,"minecraft:spruce_planks":1,"minecraft:granite":54,"minecraft:grass_block":4,"minecraft:spawner":33,"embellishcraft:smooth_basalt":4,"minecraft:smooth_stone":3,"minecraft:iron_ore":9,"minecraft:cobbled_deepslate":123,"minecraft:fire":13,"quark:polished_calcite":1,"minecraft:deepslate_lapis_ore":8,"minecraft:anvil":1,"biomesoplenty:redwood_log":19,"minecraft:quartz_slab":2,"minecraft:iron_bars":3,"minecraft:iron_block":22,"minecraft:deepslate_redstone_ore":2,"minecraft:brown_shulker_box":1,"minecraft:quartz_block":11,"minecraft:cyan_terracotta":18,"minecraft:amethyst_cluster":1,"apocalypsenow:money_block":3,"minecraft:torch":8,"minecraft:calcite":5,"embellishcraft:polished_marble":3,"quark:gray_framed_glass":2,"minecraft:cobblestone":2,"minecraft:oak_planks":1,"createaddition:barbed_wire":4,"minecraft:iron_door":2,"minecraft:wall_torch":4,"minecraft:amethyst_block":11,"minecraft:cauldron":1,"minecraft:deepslate_copper_ore":1,"immersiveengineering:storage_steel":3,"lootr:trophy":1,"minecraft:light_gray_stained_glass":4,"quark:gunpowder_sack":2,"minecraft:light_gray_wool":368,"embellishcraft:white_spruce_fancy_bed":1,"minecraft:grass":6,"biomesoplenty:clover":9,"create:vertical_framed_glass_pane":3,"minecraft:oak_log":4,"minecraft:dirt":16,"minecraft:sand":3,"minecraft:smooth_quartz":64,"pfm:oak_gray_simple_bed":2,"simplylight:illuminant_block":1,"minecraft:smooth_basalt":4,"quark:polished_calcite_vertical_slab":2,"cfm:cyan_kitchen_counter":2,"quark:oak_vertical_slab":1,"minecraft:oak_leaves":23,"minecraft:deepslate":106,"minecraft:emerald_block":3,"biomesoplenty:reed":10,"embellishcraft:air_duct":3,"minecraft:mossy_cobblestone":2,"create:ochrum":3,"minecraft:moss_block":1,"rocks:rock":1,"minecraft:black_stained_glass_pane":2,"immersivepetroleum:asphalt":1,"minecraft:furnace":2,"create:framed_glass_pane":2,"minecraft:andesite":21,"minecraft:gold_block":10,"minecraft:bookshelf":9,"minecraft:smooth_quartz_stairs":1,"minecraft:stone":58,"minecraft:white_wool":1,"immersiveengineering:ore_aluminum":2,"minecraft:birch_stairs":2,"biomesoplenty:redwood_planks":3,"quark:smooth_stone_vertical_slab":1,"minecraft:crafting_table":8,"minecraft:gray_stained_glass":13,"minecraft:copper_ore":12,"minecraft:lapis_ore":6,"minecraft:deepslate_gold_ore":9,"minecraft:diorite":40,"immersiveengineering:concrete":1,"minecraft:birch_planks":12,"minecraft:gray_concrete_powder":3,"quark:dark_oak_leaf_carpet":1,"embellishcraft:smooth_marble":37,"quark:oak_hedge":1,"biomesoplenty:redwood_leaves":54,"minecraft:cobweb":5,"create:brass_block":8,"minecraft:stone_bricks":12,"minecraft:gold_ore":7},"minecraft:picked_up":{"minecraft:wooden_axe":1,"quark:carrot_crate":1,"tac:udp_9":1,"minecraft:anvil":1,"minecraft:potion":3,"refinedstorage:controller":1,"minecraft:amethyst_block":11,"minecraft:string":334,"minecraft:raw_copper":44,"pfm:oak_gray_simple_bed":3,"farmersdelight:roast_chicken":3,"minecraft:smooth_stone":3,"minecraft:cobbled_deepslate":268,"minecraft:spruce_planks":1,"minecraft:calcite":5,"minecraft:smooth_quartz":59,"minecraft:iron_pickaxe":1,"minecraft:smooth_quartz_stairs":1,"minecraft:furnace":3,"minecraft:stick":15,"embellishcraft:smooth_marble":33,"minecraft:torch":71,"tac:mp9":1,"minecraft:diorite":38,"minecraft:cauldron":1,"quark:iron_button":1,"minecraft:quartz_block":5,"apocalypsenow:porpsi":33,"minecraft:rotten_flesh":303,"createaddition:barbed_wire":3,"create:ochrum":3,"minecraft:brown_shulker_box":2,"minecraft:iron_block":16,"minecraft:cyan_terracotta":11,"apocalypsenow:police_boots":1,"quark:dark_oak_leaf_carpet":1,"minecraft:iron_bars":9,"apocalypsenow:money_block":1,"minecraft:cobblestone":59,"apocalypsenow:u_sarmy_boots":1,"tac:round45":57,"minecraft:iron_door":2,"minecraft:andesite":21,"create:raw_zinc":9,"immersivepetroleum:asphalt":1,"refinedstorage:improved_processor":1,"apocalypsenow:construction_chestplate":2,"minecraft:lapis_lazuli":88,"minecraft:dirt":18,"lootr:trophy":1,"minecraft:gray_concrete_powder":2,"minecraft:bone":374,"apocalypsenow:human_flesh":15,"farmersdelight:vegetable_soup":4,"minecraft:wheat_seeds":2,"nameless_trinkets:experience_magnet":1,"minecraft:raw_gold":15,"apocalypsenow:royal_canada_police_officer_chestplate":1,"tac:9mm_round":105,"minecraft:oak_planks":1,"apocalypsenow:u_sarmy_chestplate":2,"quark:smooth_stone_vertical_slab":1,"immersiveengineering:raw_aluminum":3,"minecraft:sand":3,"apocalypsenow:dagger":2,"minecraft:mossy_cobblestone":1,"apocalypsenow:royal_canada_police_officer_boots":1,"minecraft:granite":42,"minecraft:bone_meal":1,"minecraft:bread":8,"minecraft:emerald":5,"minecraft:oak_sapling":2,"apocalypsenow:construction_helmet":2,"rocks:cobblestone_splitter":1,"minecraft:diamond_pickaxe":2,"biomesoplenty:redwood_log":42,"sophisticatedbackpacks:gold_backpack":2,"minecraft:charcoal":3,"apocalypsenow:bread_knife":1,"minecraft:crafting_table":6,"apocalypsenow:fire_figther_boots":2,"minecraft:leather_leggings":1,"farmersdelight:tomato_sauce":6,"minecraft:gold_block":9,"apocalypsenow:u_sarmy_helmet":1,"quark:gunpowder_sack":2,"minecraft:flint_and_steel":2,"artifacts:feral_claws":2,"minecraft:quartz_slab":2,"refinedstorage:crafting_grid":1,"apocalypsenow:medicalkit":8,"embellishcraft:smooth_basalt":3,"apocalypsenow:construction_boots":2,"apocalypsenow:forestguard_chestplate":1,"another_furniture:light_gray_sofa":2,"minecraft:light_gray_wool":371,"cfm:cyan_kitchen_counter":1,"minecraft:raw_iron":9,"minecraft:bowl":5,"sophisticatedbackpacks:backpack":1,"minecraft:carrot":6,"minecraft:redstone":4,"tac:b_magnum":16,"minecraft:dark_oak_planks":6,"biomesoplenty:redwood_planks":18,"minecraft:shears":1,"firstaid:bandage":4,"apocalypsenow:suturekit":3,"apocalypsenow:fire_figther_chestplate":2,"minecraft:white_wool":5,"cfm:gray_picket_fence":1,"minecraft:birch_planks":11,"embellishcraft:polished_marble":3,"create:brass_block":8,"minecraft:oak_log":4,"artifacts:cloud_in_a_bottle":1,"minecraft:gunpowder":1,"apocalypsenow:u_sarmy_leggings":1,"apocalypsenow:construction_leggings":2,"minecraft:apple":4,"minecraft:stone_bricks":12,"minecraft:iron_ingot":2,"farmersdelight:apple_cider":1,"apocalypsenow:money":23,"tac:deagle_357":2,"refinedstorage:cable":7,"apocalypsenow:fire_figther_helmet":2,"immersiveengineering:storage_steel":3,"minecraft:glass_bottle":4,"simplylight:illuminant_block":1,"minecraft:iron_sword":1,"embellishcraft:white_spruce_fancy_bed":1,"tac:ae50":37,"quark:light_gray_shard":11,"minecraft:book":24,"minecraft:smooth_basalt":4,"minecraft:emerald_block":3,"apocalypsenow:royal_canada_police_officer_leggings":2,"quark:oak_vertical_slab":2,"apocalypsenow:police_leggings":1,"minecraft:birch_stairs":2,"apocalypsenow:royal_canada_police_officer_helmet":2,"immersiveengineering:seed":2,"xpbook:xp_tome":1,"minecraft:stone_axe":1,"minecraft:diamond_axe":2,"embellishcraft:air_duct":3,"quark:gray_shard":47,"minecraft:coal":4,"farmersdelight:honey_cookie":1,"quark:gray_framed_glass":2}},"DataVersion":2975}