{"stats":{"minecraft:killed":{"undead_revamp2:thesmoker":34,"minecraft:chicken":1,"undead_revamp2:thepregnant":1,"minecraft:zombie_villager":2,"minecraft:zombie":398,"zombie_extreme:infected_police":6,"hordes:zombie_player":8,"zombie_extreme:runner":4,"zombie_extreme:crawler":3,"minecraft:husk":34,"undead_revamp2:the_moonflower":20,"mutationcraft:human_herder":1},"minecraft:crafted":{"minecraft:cooked_mutton":2,"immersiveengineering:stick_steel":12,"minecraft:chest":1,"minecraft:crafting_table":6,"minecraft:wooden_pickaxe":2,"apocalypsenow:medicalkit":16,"minecraft:birch_planks":4,"tac:762x54":96,"sophisticatedbackpacks:diamond_backpack":1,"minecraft:stick":28,"minecraft:iron_pickaxe":2,"quark:blossom_door":3,"firstaid:plaster":1,"minecraft:leather":35,"apocalypsenow:night_stick":2,"tac:round45":64,"sophisticatedbackpacks:iron_backpack":1,"biomesoplenty:redwood_planks":4,"minecraft:iron_sword":1,"sophisticatedbackpacks:gold_backpack":1,"tac:9mm_round":96,"minecraft:air":557,"minecraft:white_wool":11,"apocalypsenow:cooked_human_flesh":2,"minecraft:wooden_axe":3,"minecraft:white_bed":3,"minecraft:torch":60},"minecraft:broken":{"apocalypsenow:construction_boots":1,"apocalypsenow:dagger":1,"minecraft:wooden_axe":1,"apocalypsenow:night_stick":2,"apocalypsenow:kitchen_knife":1,"apocalypsenow:lumber_jack_axe":1},"minecraft:used":{"minecraft:chest":2,"minecraft:iron_sword":209,"lootr:trophy":3,"farmersdelight:melon_juice":9,"farmersdelight:fish_stew":2,"minecraft:carrot":2,"refinedstorage:controller":1,"embellishcraft:smooth_marble":13,"apocalypsenow:kitchen_knife":162,"minecraft:cyan_terracotta":11,"minecraft:lantern":1,"embellishcraft:white_spruce_fancy_bed":6,"apocalypsenow:combat_knife":238,"apocalypsenow:bayonet":129,"farmersdelight:salmon_roll":5,"farmersdelight:beef_stew":1,"apocalypsenow:energy_drink":6,"minecraft:stripped_birch_log":1,"minecraft:wooden_pickaxe":61,"minecraft:golden_apple":1,"apocalypsenow:whisky":3,"farmersdelight:cod_roll":7,"apocalypsenow:coke":39,"apocalypsenow:tatical_mace":765,"minecraft:bread":4,"minecraft:iron_door":2,"apocalypsenow:dagger":546,"pfm:oak_gray_simple_bed":2,"farmersdelight:kelp_roll_slice":17,"minecraft:flint_and_steel":17,"biomesoplenty:redwood_planks":255,"minecraft:spruce_planks":1,"quark:stone_vertical_slab":4,"minecraft:torch":135,"minecraft:dirt":87,"minecraft:anvil":1,"apocalypsenow:grape_juice":12,"biomesoplenty:redwood_log":2,"minecraft:wooden_axe":33,"apocalypsenow:baseball_bat":14,"minecraft:smooth_quartz":1,"apocalypsenow:lumber_jack_axe":79,"embellishcraft:smooth_slate":1,"apocalypsenow:porpsi":9,"apocalypsenow:night_stick":1225,"minecraft:light_gray_bed":2,"minecraft:cooked_mutton":9,"apocalypsenow:vodka":1,"minecraft:birch_planks":2,"biomesoplenty:redwood_sapling":2,"minecraft:crafting_table":7,"minecraft:white_bed":5,"farmersdelight:apple_cider":2,"quark:blossom_door":3,"quark:oak_hedge":1,"minecraft:iron_pickaxe":264,"cgm:grenade":5,"refinedstorage:crafting_grid":7,"minecraft:stone_slab":1,"minecraft:potion":34},"minecraft:dropped":{"farmersdelight:hamburger":6,"minecraft:glass_bottle":2,"minecraft:diamond":4,"artifacts:cloud_in_a_bottle":1,"biomesoplenty:redwood_log":137,"minecraft:mutton":33,"apocalypsenow:chips":6,"minecraft:iron_pickaxe":1,"farmersdelight:egg_sandwich":6,"minecraft:white_wool":12,"minecraft:bone":2,"farmersdelight:barbecue_stick":14,"minecraft:cooked_chicken":2,"create:bar_of_chocolate":7,"nameless_trinkets:experience_magnet":1,"quark:spruce_vertical_slab":1,"quark:gray_shard":3,"refinedstorage:16k_storage_part":1,"apocalypsenow:tatical_mace":1,"minecraft:stick":28,"farmersdelight:melon_popsicle":3,"minecraft:iron_door":1,"tac:sti2011":1,"minecraft:iron_axe":1,"embellishcraft:spruce_plain_door":2,"artifacts:feral_claws":1,"minecraft:string":13,"farmersdelight:melon_juice":6,"farmersdelight:kelp_roll_slice":1,"refinedstorage:controller":1,"farmersdelight:chicken_sandwich":6,"minecraft:potato":20,"apocalypsenow:bayonet":1,"easy_villagers:villager":1,"apocalypsenow:coke":13,"firstaid:plaster":4},"minecraft:custom":{"lootr:looted_stat":125,"minecraft:interact_with_crafting_table":23,"minecraft:open_barrel":2,"minecraft:microwave_used":1,"minecraft:leave_game":7,"minecraft:time_since_death":50079,"minecraft:sprint_one_cm":1182234,"minecraft:drop":55,"minecraft:talked_to_villager":6,"minecraft:play_time":723854,"minecraft:deaths":39,"minecraft:jump":5156,"minecraft:walk_on_water_one_cm":5642,"minecraft:interact_with_furnace":20,"minecraft:traded_with_villager":52,"minecraft:stove_opened":10,"minecraft:sleep_in_bed":20,"minecraft:damage_dealt":106784,"minecraft:crouch_one_cm":78562,"minecraft:interact_with_smoker":1,"minecraft:interact_with_smithing_table":3,"minecraft:interact_with_anvil":1,"minecraft:mob_kills":576,"minecraft:damage_dealt_resisted":737,"minecraft:climb_one_cm":196524,"minecraft:walk_one_cm":2381535,"minecraft:fridge_opened":34,"minecraft:damage_dealt_absorbed":201,"minecraft:sneak_time":33741,"minecraft:walk_under_water_one_cm":132,"minecraft:drawer_searched":3,"minecraft:total_world_time":723854,"minecraft:trashcan_opened":1,"minecraft:cabinet_searched":4,"minecraft:time_since_rest":42436,"minecraft:damage_taken":14032,"minecraft:swim_one_cm":448,"minecraft:fly_one_cm":632064,"minecraft:freezer_opened":8,"minecraft:open_chest":52,"minecraft:fall_one_cm":106020},"minecraft:killed_by":{"undead_revamp2:the_moonflower":7,"zombie_extreme:runner":1,"minecraft:zombie":10,"undead_revamp2:thesmoker":5,"zombie_extreme:crawler":1,"minecraft:player":1,"hordes:zombie_player":7},"minecraft:mined":{"minecraft:dark_oak_planks":2,"minecraft:spruce_planks":1,"minecraft:white_bed":2,"embellishcraft:light_gray_couch":1,"minecraft:cave_vines_plant":1,"minecraft:grass_block":41,"minecraft:light_gray_bed":7,"minecraft:spawner":75,"embellishcraft:smooth_basalt":2,"minecraft:smooth_stone":1,"create:vertical_framed_glass":1,"refinedstorage:crafting_grid":5,"minecraft:fire":13,"minecraft:anvil":1,"biomesoplenty:redwood_log":19,"minecraft:iron_bars":4,"minecraft:quartz_block":4,"minecraft:cyan_terracotta":40,"quark:lavender_blossom_hedge":1,"embellishcraft:smooth_slate":2,"createdeco:locked_cast_iron_door":1,"minecraft:torch":7,"embellishcraft:polished_marble":3,"minecraft:cobblestone":1,"create:birch_window_pane":5,"minecraft:iron_door":17,"minecraft:wall_torch":17,"lootr:trophy":2,"minecraft:light_gray_stained_glass":9,"quark:spruce_vertical_slab":1,"minecraft:smooth_stone_slab":1,"embellishcraft:white_spruce_fancy_bed":6,"minecraft:grass":4,"biomesoplenty:clover":3,"create:vertical_framed_glass_pane":2,"minecraft:oak_log":9,"minecraft:dirt":41,"quark:stone_vertical_slab":4,"minecraft:smooth_quartz":3,"pfm:oak_gray_simple_bed":2,"another_furniture:spruce_planter_box":2,"cfm:cyan_kitchen_counter":6,"minecraft:oak_leaves":15,"embellishcraft:air_duct":1,"minecraft:mossy_cobblestone":1,"minecraft:stripped_birch_log":2,"minecraft:gray_stained_glass_pane":9,"biomesoplenty:bush":2,"another_furniture:white_curtain":1,"embellishcraft:smooth_basalt_slab":1,"minecraft:moss_block":3,"immersivepetroleum:asphalt":1,"minecraft:heavy_weighted_pressure_plate":1,"create:framed_glass_pane":2,"minecraft:lantern":1,"minecraft:stone":4,"embellishcraft:steel_door":2,"biomesoplenty:redwood_planks":8,"minecraft:crafting_table":2,"minecraft:gray_stained_glass":8,"quark:blossom_door":1,"minecraft:stone_slab":2,"immersiveengineering:concrete":1,"minecraft:gray_wool":6,"farmersdelight:skillet":1,"embellishcraft:smooth_marble":26,"quark:oak_hedge":1,"biomesoplenty:redwood_leaves":2,"minecraft:cobweb":53,"minecraft:stone_bricks":7},"minecraft:picked_up":{"minecraft:iron_chestplate":1,"minecraft:anvil":4,"immersiveengineering:plate_duroplast":14,"minecraft:stone_slab":2,"minecraft:potion":9,"apocalypsenow:can_opener":1,"refinedstorage:controller":2,"create:bar_of_chocolate":43,"minecraft:string":596,"minecraft:smooth_stone_slab":2,"pfm:oak_gray_simple_bed":2,"quark:blossom_door":1,"farmersdelight:fried_rice":2,"minecraft:smooth_stone":1,"minecraft:spruce_planks":1,"minecraft:smooth_quartz":4,"minecraft:iron_pickaxe":5,"minecraft:dark_oak_door":2,"minecraft:stick":32,"artifacts:universal_attractor":2,"embellishcraft:smooth_slate":2,"embellishcraft:smooth_marble":29,"tac:m4":6,"minecraft:torch":117,"quark:blossom_log":5,"tac:mp9":2,"chalk:blue_chalk":1,"quark:spruce_vertical_slab":2,"apocalypsenow:fire_figther_leggings":2,"easy_villagers:villager":1,"farmersdelight:melon_popsicle":3,"minecraft:quartz_block":6,"embellishcraft:spruce_plain_door":3,"embellishcraft:steel_door":2,"minecraft:light_gray_bed":5,"minecraft:rotten_flesh":447,"minecraft:cyan_terracotta":44,"apocalypsenow:police_chestplate":2,"apocalypsenow:bikers_helmet":1,"apocalypsenow:police_boots":7,"farmersdelight:melon_juice":14,"minecraft:iron_bars":5,"minecraft:cobblestone":1,"apocalypsenow:u_sarmy_boots":1,"tac:round45":49,"minecraft:leather_chestplate":1,"minecraft:feather":8,"minecraft:iron_door":18,"minecraft:potato":22,"contenttweaker:rubber":12,"immersivepetroleum:asphalt":1,"apocalypsenow:construction_chestplate":12,"lootr:trophy":2,"minecraft:lantern":1,"minecraft:lapis_lazuli":30,"farmersdelight:chicken_sandwich":8,"farmersdelight:cod_roll":10,"minecraft:stripped_birch_log":2,"minecraft:dirt":88,"cgm:grenade":14,"minecraft:bone":550,"apocalypsenow:human_flesh":27,"farmersdelight:salmon_roll":13,"nameless_trinkets:experience_magnet":3,"apocalypsenow:royal_canada_police_officer_chestplate":1,"refinedstorage:advanced_processor":1,"farmersdelight:egg_sandwich":6,"minecraft:glowstone_dust":22,"tac:9mm_round":114,"minecraft:moss_block":3,"apocalypsenow:police_helmet":4,"firstaid:plaster":15,"apocalypsenow:u_sarmy_chestplate":4,"patchouli:guide_book":1,"apocalypsenow:small_can":10,"chalk:red_chalk":1,"apocalypsenow:tatical_mace":3,"contenttweaker:high_carbon_steel_alloy":1,"apocalypsenow:chips":6,"apocalypsenow:dagger":2,"minecraft:mossy_cobblestone":1,"apocalypsenow:coke":28,"apocalypsenow:royal_canada_police_officer_boots":1,"apocalypsenow:bayonet":1,"minecraft:diamond":10,"minecraft:bread":20,"apocalypsenow:construction_helmet":7,"embellishcraft:light_gray_couch":1,"biomesoplenty:redwood_log":220,"quark:stone_vertical_slab":4,"minecraft:crafting_table":3,"tac:glock_17":5,"apocalypsenow:fire_figther_boots":2,"minecraft:chicken":4,"minecraft:wooden_pickaxe":3,"tac:sti2011":2,"apocalypsenow:u_sarmy_helmet":3,"quark:gunpowder_sack":2,"minecraft:heavy_weighted_pressure_plate":2,"minecraft:iron_axe":1,"minecraft:flint_and_steel":6,"artifacts:feral_claws":3,"refinedstorage:crafting_grid":7,"apocalypsenow:medicalkit":19,"apocalypsenow:night_stick":2,"embellishcraft:smooth_basalt":3,"apocalypsenow:construction_boots":4,"farmersdelight:kelp_roll_slice":1,"cfm:cyan_kitchen_counter":6,"refinedstorage:16k_storage_part":2,"another_furniture:white_curtain":1,"minecraft:bowl":2,"sophisticatedbackpacks:backpack":3,"minecraft:carrot":2,"tac:hk_mp5a5":1,"tac:b_magnum":53,"minecraft:tnt":3,"biomesoplenty:redwood_planks":205,"minecraft:shears":1,"farmersdelight:hamburger":6,"farmersdelight:beef_stew":1,"minecraft:gold_ingot":11,"firstaid:bandage":11,"biomesoplenty:redwood_sapling":2,"minecraft:mutton":33,"apocalypsenow:fire_figther_chestplate":8,"minecraft:white_wool":17,"another_furniture:spruce_planter_box":4,"minecraft:leather":22,"embellishcraft:polished_marble":3,"minecraft:oak_log":8,"artifacts:superstitious_hat":1,"minecraft:gunpowder":219,"artifacts:cloud_in_a_bottle":7,"minecraft:cooked_mutton":16,"createdeco:locked_cast_iron_door":1,"apocalypsenow:u_sarmy_leggings":4,"apocalypsenow:construction_leggings":6,"minecraft:stone_bricks":3,"minecraft:iron_ingot":29,"embellishcraft:spruce_wooden_crate":2,"apocalypsenow:money":153,"tac:nato_556_bullet":33,"tac:deagle_357":1,"minecraft:cooked_chicken":2,"apocalypsenow:fire_figther_helmet":1,"artifacts:steadfast_spikes":1,"minecraft:glass_bottle":4,"minecraft:iron_sword":2,"embellishcraft:white_spruce_fancy_bed":6,"tac:ae50":263,"quark:light_gray_shard":27,"sophisticatedbackpacks:diamond_backpack":3,"apocalypsenow:grape_juice":20,"contenttweaker:resistant_fabric":2,"embellishcraft:smooth_basalt_slab":1,"apocalypsenow:police_leggings":4,"apocalypsenow:vodka":3,"tac:762x54":288,"minecraft:white_bed":2,"apocalypsenow:royal_canada_police_officer_helmet":1,"tac:mp7":6,"immersiveengineering:seed":1,"quark:oak_hedge":1,"minecraft:gray_wool":6,"tac:762x39":100,"nameless_trinkets:callus":3,"farmersdelight:barbecue_stick":14,"embellishcraft:air_duct":1,"quark:gray_shard":34}},"DataVersion":2975}